article_id,title,publication_year,web_url,doi,trial_nr,protocol,protocol_published_original_column,study_type_pilot,pooled_analysis,post_hoc_secondary_analysis,discipline,continent,sample_size,cci_ep,cci_1st_ep,cci_2nd_ep,cci_expl_ep,cci_mismatch_analysis,cd_cci_reported_in_results,cci_modification,specification_of_modification,primary_outcome_significant,statistically_significant_difference_for_cci,between_group_difference_of_cci_12,between_group_difference_of_cci,mean_or_median_used,significance_considered,conclusion_of_authors,ss_calculation,cci_used_for_ss_calculation,specification_of_ss_calculation,study_type_mentioned,type_of_study_1_ep_sup_non_inf,type_of_study_2_ep_sup_non_inf,non_inf_margin,definition_of_non_inf_margin,protocol_published,doi_protocol,publication_year_protocol,cci_ep_protocol,cci_1st_ep_protocol,cci_2nd_ep_protocol,cci_expl_ep_protocol,ss_calculation_protocol,cci_used_for_ss_calculation_protocol,specification_of_ss_calculation_protocol,study_type_mentioned_protocol,type_of_study_1_ep_sup_non_inf_protocol,type_of_study_2_ep_sup_non_inf_protocol,non_inf_margin_protocol,definition_of_non_inf_margin_protocol,study_must_be_excluded,exclusion_reason,comments,comments_2
8,"Intravenous versus oral iron supplementation for iron deficiency anemia in patients with rectal cancer undergoing neoadjuvant chemoradiotherapy: a study protocol for a randomized controlled trial
",2024,"https://www.scopus.com/inward/record.uri?eid=2-s2.0-85209365300&doi=10.1186%2fs13063-024-08624-6&partnerID=40&md5=3446b3b7a187d96001c6b10cd5279006
",NA,KCT0009260,Protocol,Study not published yet,Not pilot study,No,No,Abdominal Surgery,Asia,94,NA,NA,NA,NA,NA,NA,NA,NA,NA,NA,NA,NA,NA,NA,NA,NA,NA,NA,NA,NA,NA,NA,NA,NA,10.1186/s13063-024-08624-6,NA,CCI non-primary endpoint,No,Yes,No,NA,NA,NA,NA,Not mentioned,Not mentioned,NA,NA,No,NA,NA,sample size calculated based on main outcome = rate of achieving normalization of serum hemoglobin levels 3 months after initiating iron supplementation as 70% in the experimental arm and 40% in the control arm
39,"LapEmerge trial: study protocol for a laparoscopic approach for emergency colon resection—a multicenter, open label, randomized controlled trial
",2024,"https://www.scopus.com/inward/record.uri?eid=2-s2.0-85190828190&doi=10.1186%2fs13063-024-08058-0&partnerID=40&md5=5573e7e7952eac0d9b84c4689f51ae2a
",NA,NCT05005117,Protocol,NA,Not pilot study,No,No,Abdominal Surgery,Europe,192,NA,NA,NA,NA,NA,NA,NA,NA,NA,NA,NA,NA,NA,NA,NA,NA,NA,NA,NA,NA,NA,NA,NA,NA,10.1186/s13063-024-08058-0,NA,CCI primary endpoint,Yes,No,No,NA,NA,NA,NA,Not mentioned,Not mentioned,NA,NA,No,NA,NA,sample size calculated based on main outcome = postop morbidity % reduction
40,"Multimodal prehabilitation combined with perioperative enhanced recovery after surgery care for older patients undergoing spinal fusion surgery in China: protocol for a multicentre randomised controlled trial (PRACTICE trial)
",2024,"https://www.scopus.com/inward/record.uri?eid=2-s2.0-85212459841&doi=10.1136%2fbmjopen-2024-088339&partnerID=40&md5=d152b36d917b3bbe980d810c7155f8ee
",NA,NCT06140797,Protocol,Study not published yet,Not pilot study,No,No,Orthopedics,Asia,164,NA,NA,NA,NA,NA,NA,NA,NA,NA,NA,NA,NA,NA,NA,NA,NA,NA,NA,NA,NA,NA,NA,NA,NA,10.1136/bmjopen-2024-088339,NA,CCI primary endpoint,Yes,No,No,NA,NA,NA,NA,Not mentioned,Not mentioned,NA,NA,No,NA,NA,sample size calculated based on main outcome = CCI difference of 10pts
52,"Optimized post-discharge care in patients with frailty after colon cancer surgery (project ERAS® 3.0): A protocol for a randomized controlled trial
",2025,"https://www.scopus.com/inward/record.uri?eid=2-s2.0-105008661044&doi=10.1016%2fj.jgo.2025.102289&partnerID=40&md5=ced6469109146e30c2c5d08536377edb
",NA,NCT06802991,Protocol,Study not published yet,Not pilot study,No,No,Abdominal Surgery,Europe,60,NA,NA,NA,NA,NA,NA,NA,NA,NA,NA,NA,NA,NA,NA,NA,NA,NA,NA,NA,NA,NA,NA,NA,NA,10.1016/j.jgo.2025.102289,NA,CCI non-primary endpoint,No,Yes,No,NA,NA,NA,NA,Not mentioned,Not mentioned,NA,NA,No,NA,NA,sample size calculated based on main outcome = QoR difference of 10 pts
53,"Effect of tailored, intensive prehabilitation for risky lifestyles before ventral hernia repair on postoperative outcomes, health, and costs – study protocol for a randomised controlled trial (STRONG-Hernia)
",2025,"https://www.scopus.com/inward/record.uri?eid=2-s2.0-105006679900&doi=10.1371%2fjournal.pone.0324002&partnerID=40&md5=cb1a3cb9028221a38bae74de2e1c9d17
",NA,NCT06611462,Protocol,Study not published yet,Not pilot study,No,No,Abdominal Surgery,Europe,400,NA,NA,NA,NA,NA,NA,NA,NA,NA,NA,NA,NA,NA,NA,NA,NA,NA,NA,NA,NA,NA,NA,NA,NA,10.1371/journal.pone.0324002,NA,CCI non-primary endpoint,No,Yes,No,NA,NA,NA,NA,Not mentioned,Not mentioned,NA,NA,No,NA,NA,sample size calculated based on main outcome = postop complication rate decreased from 20% to 10%
71,"PROtective ileoStomy versus ProtectivE colostomy in anterior Rectal resectIon: study protocol for a multicenter, open-label, randomised conTrolled studY (PROSPERITY)
",2025,"https://www.scopus.com/inward/record.uri?eid=2-s2.0-105004650632&doi=10.1136%2fbmjopen-2024-096091&partnerID=40&md5=a88b8113cf75a5f9bf6444b3633032ca
",NA,NCT06650085,Protocol,Study not published yet,Not pilot study,No,No,Abdominal Surgery,Europe,350,NA,NA,NA,NA,NA,NA,NA,NA,NA,NA,NA,NA,NA,NA,NA,NA,NA,NA,NA,NA,NA,NA,NA,NA,10.1136/bmjopen-2024-096091,NA,CCI primary endpoint,Yes,Yes,No,NA,NA,NA,NA,Not mentioned,Not mentioned,NA,NA,No,NA,NA,sample size calculated based on main outcome = CCI difference of 5pts
77,"Novel multimodal intervention for surgical prehabilitation on functional recovery and muscle characteristics in patients with non-small cell lung cancer: Study protocol for a randomised controlled trial (MMP-LUNG)
",2025,"https://www.scopus.com/inward/record.uri?eid=2-s2.0-105006469548&doi=10.1136%2fbmjresp-2024-002884&partnerID=40&md5=9d8d914047d4b0ea645450eb797020cd
",NA,NCT05955248,Protocol,Study not published yet,Not pilot study,No,No,"ICU,Anesthesiology",North America,168,NA,NA,NA,NA,NA,NA,NA,NA,NA,NA,NA,NA,NA,NA,NA,NA,NA,NA,NA,NA,NA,NA,NA,NA,10.1136/bmjresp-2024-002884,NA,CCI non-primary endpoint,No,Yes,No,NA,NA,NA,NA,Not mentioned,Not mentioned,NA,NA,No,NA,NA,"sample size calculated based on main outcome =meaningful difference of 21 m (SD±33) in the 6MinWalkTest in those at nutritional risk (PG-SGA score>2), between multimodal intervention and placebo-control groups"
82,"Preoperative Physical Activity Improvement with the Use of Activity Trackers in Patients Undergoing Radical Cystectomy—A Bicentric, Open-label, Randomised Controlled Trial: A Clinical Study Protocol of the PreAct Trial
",2025,"https://www.scopus.com/inward/record.uri?eid=2-s2.0-85211432504&doi=10.1016%2fj.euros.2024.11.003&partnerID=40&md5=0aa5498b9388ee2df182d8cc05c72e0b
",NA,NCT06416319,Protocol,Study not published yet,Not pilot study,No,No,Urology,Europe,180,NA,NA,NA,NA,NA,NA,NA,NA,NA,NA,NA,NA,NA,NA,NA,NA,NA,NA,NA,NA,NA,NA,NA,NA,10.1016/j.euros.2024.11.003,NA,CCI non-primary endpoint,No,Yes,No,NA,NA,NA,NA,Not mentioned,Not mentioned,NA,NA,No,NA,NA,sample size calculated based on main outcome=increase in the average number of steps per day with difference of 25% (approx 1'000 steps)
99,"Omentum preservation versus complete omentectomy in gastrectomy for gastric cancer (OMEGA trial): study protocol for a randomized controlled trial
",2024,"https://www.scopus.com/inward/record.uri?eid=2-s2.0-85203070386&doi=10.1186%2fs13063-024-08396-z&partnerID=40&md5=7f471c5ff1b4d9383ea568f387395671
",NA,NCT05180864,Protocol,Study not published yet,Not pilot study,No,No,Abdominal Surgery,Europe,654,NA,NA,NA,NA,NA,NA,NA,NA,NA,NA,NA,NA,NA,NA,NA,NA,NA,NA,NA,NA,NA,NA,NA,NA,10.1186/s13063-024-08396-z,NA,CCI non-primary endpoint,No,Yes,No,NA,NA,NA,NA,Not mentioned,Not mentioned,NA,NA,No,NA,non-inferiority trial,sample size calculated based on main outcome = 3-y OS of 50% vs. 45% expected events (death) betweeen groups
108,"Preoperative treatment with mFOLFIRINOX or Gemcitabine/Nab-paclitaxel +/- isotoxic high-dose stereotactic body Radiation Therapy (iHD-SBRT) for borderline resectable pancreatic adenocarcinoma (the STEREOPAC trial): study protocol for a randomised comparative multicenter phase II trial
",2023,"https://www.scopus.com/inward/record.uri?eid=2-s2.0-85171876826&doi=10.1186%2fs12885-023-11327-x&partnerID=40&md5=e2956154f0b554f1e477d30e92bee08e
",NA,NCT05083247,Protocol,Study not published yet,Not pilot study,No,No,Abdominal Surgery,Europe,256,NA,NA,NA,NA,NA,NA,NA,NA,NA,NA,NA,NA,NA,NA,NA,NA,NA,NA,NA,NA,NA,NA,NA,NA,10.1186/s12885-023-11327-x,NA,CCI non-primary endpoint,No,Yes,No,NA,NA,NA,NA,Not mentioned,Not mentioned,NA,NA,No,NA,NA,sample size calculated based on main outcomes = R0 resection and DFS
150,"OCOSO2: study protocol for a single-blinded, multicentre, randomised controlled trial assessing a central venous oxygen saturation-based goal-directed therapy to reduce postoperative complications in high-risk patients after elective major surgery
",2023,"https://www.scopus.com/inward/record.uri?eid=2-s2.0-85173843051&doi=10.1186%2fs13063-023-07689-z&partnerID=40&md5=680928ae6da434e5b9c2fcf92a5c47ff
",NA,NCT03828565,Protocol,Study not published yet,Not pilot study,No,No,"ICU,Anesthesiology",Europe,220,NA,NA,NA,NA,NA,NA,NA,NA,NA,NA,NA,NA,NA,NA,NA,NA,NA,NA,NA,NA,NA,NA,NA,NA,10.1186/s13063-023-07689-z,NA,CCI primary endpoint,Yes,Yes,No,NA,NA,NA,NA,Not mentioned,Not mentioned,NA,NA,No,NA,NA,sample size calculated based on main outcome = CCI difference of 10%
171,"Minimally invasive versus open pancreatoduodenectomy for pancreatic and peri-ampullary neoplasm (DIPLOMA-2): study protocol for an international multicenter patient-blinded randomized controlled trial
",2023,"https://www.scopus.com/inward/record.uri?eid=2-s2.0-85174154451&doi=10.1186%2fs13063-023-07657-7&partnerID=40&md5=0cec0b08c4d908473eda5d6b173b0733
",NA,ISRCTN27483786,Protocol,Study not published yet,Not pilot study,No,No,Abdominal Surgery,Europe,288,NA,NA,NA,NA,NA,NA,NA,NA,NA,NA,NA,NA,NA,NA,NA,NA,NA,NA,NA,NA,NA,NA,NA,NA,10.1186/s13063-023-07657-7,NA,CCI primary endpoint,Yes,No,No,NA,NA,NA,NA,Not mentioned,Not mentioned,NA,NA,No,NA,non-inferiority,sample size calculated based on main outcome = CCI difference
259,"A triple-masked, two-center, randomized parallel clinical trial to assess the superiority of eight weeks of grape seed flour supplementation against placebo for weight loss attenuation during perioperative period in patients with cachexia associated with colorectal cancer: a study protocol
",2023,"https://www.scopus.com/inward/record.uri?eid=2-s2.0-85184164571&doi=10.3389%2ffendo.2023.1146479&partnerID=40&md5=e2383fbcada0137628648ebceb878df0
",NA,U1111-1285-9594,Protocol,Study not published yet,Not pilot study,No,No,Abdominal Surgery,South America,82,NA,NA,NA,NA,NA,NA,NA,NA,NA,NA,NA,NA,NA,NA,NA,NA,NA,NA,NA,NA,NA,NA,NA,NA,10.3389/fendo.2023.1146479,NA,CCI non-primary endpoint,No,Yes,No,NA,NA,NA,NA,Not mentioned,Not mentioned,NA,NA,No,NA,NA,no detail on sample size calculation
326,"Pre-Emptive Endoluminal Negative Pressure Therapy at the Anastomotic Site in Minimally Invasive Transthoracic Esophagectomy (the preSPONGE Trial): Study Protocol for a Multicenter Randomized Controlled Trial
",2021,"https://www.scopus.com/inward/record.uri?eid=2-s2.0-85119380760&doi=10.29337%2fijsp.24&partnerID=40&md5=0b7f41d5a5b7c463004b64b11eb78c7e
",NA,NCT04162860,Protocol,Study not published yet,Not pilot study,No,No,Abdominal Surgery,Europe,100,NA,NA,NA,NA,NA,NA,NA,NA,NA,NA,NA,NA,NA,NA,NA,NA,NA,NA,NA,NA,NA,NA,NA,NA,10.29337/ijsp.24,NA,CCI non-primary endpoint,No,Yes,No,NA,NA,NA,NA,Not mentioned,Not mentioned,NA,NA,No,NA,NA,NA
478,Complex And Simple Appendicitis: REstrictive or Liberal postoperative Antibiotic eXposure (CASA RELAX) using Desirability of Outcome Ranking (DOOR) and Response Adjusted for Duration of Antibiotic Risk (RADAR): study protocol for a randomized controlled trial,2022,https://www.scopus.com/inward/record.uri?eid=2-s2.0-85139848081&doi=10.1136%2ftsaco-2022-000931&partnerID=40&md5=c6570878af6c245224d1bb1bc36ae853,NA,NCT05002829,Protocol,Study not published yet,Not pilot study,No,No,Abdominal Surgery,North America,2275,NA,NA,NA,NA,NA,NA,NA,NA,NA,NA,NA,NA,NA,NA,NA,NA,NA,NA,NA,NA,NA,NA,NA,NA,10.1136/tsaco-2022-000931,NA,CCI non-primary endpoint,No,Yes,No,NA,NA,NA,NA,Not mentioned,Not mentioned,NA,NA,No,NA, , 
1689,Triangulating stapling vs functional end-to-end stapling for cervical esophagogastric anastomosis after esophagectomy for thoracic esophageal cancer: Study protocol for a randomized controlled trial,2019,https://www.scopus.com/inward/record.uri?eid=2-s2.0-85060600334&doi=10.1186%2fs13063-019-3201-2&partnerID=40&md5=6ea0664eb59ca67ece572471ce5eac1c,NA,UMIN 000025632,Protocol,Study not published yet,Not pilot study,No,No,Abdominal Surgery,Asia,125,NA,NA,NA,NA,NA,NA,NA,NA,NA,NA,NA,NA,NA,NA,NA,NA,NA,NA,NA,NA,NA,NA,NA,NA,10.1186/s13063-019-3201-2,NA,CCI non-primary endpoint,No,Yes,No,NA,NA,NA,NA,Not mentioned,Not mentioned,NA,NA,No,NA, , 
1829,"STRONG for Surgery & Strong for Life — against all odds: intensive prehabilitation including smoking, nutrition, alcohol and physical activity for risk reduction in cancer surgery — a protocol for an RCT with nested interview study (STRONG-Cancer)",2022,https://www.scopus.com/inward/record.uri?eid=2-s2.0-85128698810&doi=10.1186%2fs13063-022-06272-2&partnerID=40&md5=119552afad6b197083bf236db83ee42e,NA,NCT04088968,Protocol,Study not published yet,Not pilot study,No,No,Urology,Europe,42,NA,NA,NA,NA,NA,NA,NA,NA,NA,NA,NA,NA,NA,NA,NA,NA,NA,NA,NA,NA,NA,NA,NA,NA,10.1186/s13063-022-06272-2,NA,CCI non-primary endpoint,No,Yes,No,NA,NA,NA,NA,Not mentioned,Not mentioned,NA,NA,No,NA, , 
2164,"Robot-assisted minimally invasive thoraco-laparoscopic esophagectomy versus minimally invasive esophagectomy for resectable esophageal adenocarcinoma, a randomized controlled trial (ROBOT-2 trial)",2021,https://www.scopus.com/inward/record.uri?eid=2-s2.0-85115681529&doi=10.1186%2fs12885-021-08780-x&partnerID=40&md5=5e8ae30ec5a73a9ed50a705f9f12ec6a,NA,NCT04306458,Protocol,Study not published yet,Not pilot study,No,No,Abdominal Surgery,Europe,218,NA,NA,NA,NA,NA,NA,NA,NA,NA,NA,NA,NA,NA,NA,NA,NA,NA,NA,NA,NA,NA,NA,NA,NA,10.1186/s12885-021-08780-x,NA,CCI non-primary endpoint,No,Yes,No,NA,NA,NA,NA,Not mentioned,Not mentioned,NA,NA,No,NA, , 
2170,Endoscopic vacuum therapy versus stent treatment of esophageal anastomotic leaks (ESOLEAK): study protocol for a prospective randomized phase 2 trial,2021,https://www.scopus.com/inward/record.uri?eid=2-s2.0-85107158937&doi=10.1186%2fs13063-021-05315-4&partnerID=40&md5=6983507e4d715e56e4118afc65c22324,NA,NCT03962244,Protocol,Study not published yet,Not pilot study,No,No,Abdominal Surgery,Europe,NA,NA,NA,NA,NA,NA,NA,NA,NA,NA,NA,NA,NA,NA,NA,NA,NA,NA,NA,NA,NA,NA,NA,NA,NA,10.1186/s13063-021-05315-4,NA,CCI non-primary endpoint,No,Yes,No,NA,NA,NA,NA,Not mentioned,Not mentioned,NA,NA,No,NA, , 
2204,Oncosurgical management of liver limited stage IV colorectal cancer: Preliminary data and protocol for a randomized controlled trial,2018,https://www.scopus.com/inward/record.uri?eid=2-s2.0-85103311238&doi=10.2196%2fresprot.9453&partnerID=40&md5=0f0fad9abca04bd0c890ba814a3c9876,NA,na,Protocol,Study not published yet,Not pilot study,No,No,Abdominal Surgery,Europe,NA,NA,NA,NA,NA,NA,NA,NA,NA,NA,NA,NA,NA,NA,NA,NA,NA,NA,NA,NA,NA,NA,NA,NA,NA,10.2196/resprot.9453,NA,CCI non-primary endpoint,No,No,Yes,NA,NA,NA,NA,Not mentioned,Not mentioned,NA,NA,No,NA,study endpoint unclear, 
2396,PRehabIlitatiOn with pReoperatIve exercise and educaTion for patients undergoing major abdominal cancer surgerY: protocol for a multicentre randomised controlled TRIAL (PRIORITY TRIAL),2022,https://www.scopus.com/inward/record.uri?eid=2-s2.0-85128661282&doi=10.1186%2fs12885-022-09492-6&partnerID=40&md5=c195e135a9502d5037055287522aceb7,NA,ACTRN12621000617864,Protocol,Study not published yet,Not pilot study,No,No,Abdominal Surgery,Australia/ New Zealand,172,NA,NA,NA,NA,NA,NA,NA,NA,NA,NA,NA,NA,NA,NA,NA,NA,NA,NA,NA,NA,NA,NA,NA,NA,10.1186/s12885-022-09492-6,NA,CCI non-primary endpoint,No,Yes,No,NA,NA,NA,NA,Not mentioned,Not mentioned,NA,NA,No,NA, , 
2785,The efficacy of polyglycolic acid felt reinforcement in preventing postoperative pancreatic fistula after pancreaticojejunostomy in patients with main pancreatic duct less than 3 mm in diameter and soft pancreas undergoing pancreatoduodenectomy (PLANET-PJ trial): Study protocol for a multicentre randomized phase III trial in Japan and Korea,2019,https://www.scopus.com/inward/record.uri?eid=2-s2.0-85070653834&doi=10.1186%2fs13063-019-3595-x&partnerID=40&md5=0cdec69a2304bab1d227755bd6648702,NA,NCT03331718,Protocol,Study not published yet,Not pilot study,No,No,Abdominal Surgery,Asia,514,NA,NA,NA,NA,NA,NA,NA,NA,NA,NA,NA,NA,NA,NA,NA,NA,NA,NA,NA,NA,NA,NA,NA,NA,10.1186/s13063-019-3595-x,NA,CCI non-primary endpoint,No,Yes,No,NA,NA,NA,NA,Not mentioned,Not mentioned,NA,NA,No,NA,"Studyresults were published AFTER our literature search, therefore, we are not allowed to include the study result paper.",NA
2818,Preoperative exercise to improve fitness in patients undergoing complex surgery for cancer of the lung or oesophagus (PRE-HIIT): Protocol for a randomized controlled trial,2020,https://www.scopus.com/inward/record.uri?eid=2-s2.0-85083405694&doi=10.1186%2fs12885-020-06795-4&partnerID=40&md5=354ef289e688d5999db06e6f1e691755,NA,NCT03978325,Protocol,Study not published yet,Not pilot study,No,No,Other disciplines with invasive procedures,Europe,64,NA,NA,NA,NA,NA,NA,NA,NA,NA,NA,NA,NA,NA,NA,NA,NA,NA,NA,NA,NA,NA,NA,NA,NA,10.1186/s12885-020-06795-4,NA,CCI non-primary endpoint,No,Yes,No,NA,NA,NA,NA,Not mentioned,Not mentioned,NA,NA,No,NA, , 
3281,Normothermic insufflation to prevent perioperative hypothermia and improve quality of recovery in elective colectomy patients: Protocol for a randomized controlled trial,2019,https://www.scopus.com/inward/record.uri?eid=2-s2.0-85077003899&doi=10.2196%2f14533&partnerID=40&md5=6d87d3f23320f7b015d0116f68b6b984,NA,PRR1-10.2196/14533,Protocol,Study not published yet,Not pilot study,No,No,Abdominal Surgery,Europe,258,NA,NA,NA,NA,NA,NA,NA,NA,NA,NA,NA,NA,NA,NA,NA,NA,NA,NA,NA,NA,NA,NA,NA,NA,10.2196/14533,NA,CCI non-primary endpoint,No,Yes,No,NA,NA,NA,NA,Not mentioned,Not mentioned,NA,NA,No,NA, , 
3325,"Effect of prehabilitation in gastro-oesophageal adenocarcinoma: Study protocol of a multicentric, randomised, control trial-the PREHAB study",2016,https://www.scopus.com/inward/record.uri?eid=2-s2.0-85004144075&doi=10.1136%2fbmjopen-2016-012876&partnerID=40&md5=8887bde2df88a1c683fdaad424698d4a,NA,NCT02780921,Protocol,Study not published yet,Not pilot study,No,No,Abdominal Surgery,Europe,120,NA,NA,NA,NA,NA,NA,NA,NA,NA,NA,NA,NA,NA,NA,NA,NA,NA,NA,NA,NA,NA,NA,NA,NA,10.1136/bmjopen-2016-012876,NA,CCI non-primary endpoint,No,Yes,No,NA,NA,NA,NA,Not mentioned,Not mentioned,NA,NA,No,NA,NA, 
3798,Protocol for a randomised controlled trial to compare postoperative complications between minimally invasive and open DIStal PAnCreaTectomy (DISPACT-2 trial),2021,https://www.scopus.com/inward/record.uri?eid=2-s2.0-85101565520&doi=10.1136%2fbmjopen-2020-047867&partnerID=40&md5=156ccec174159e2df534f4159beaa225,NA,DRKS00014011,Protocol,Study not published yet,Not pilot study,No,No,Abdominal Surgery,Europe,294,NA,NA,NA,NA,NA,NA,NA,NA,NA,NA,NA,NA,NA,NA,NA,NA,NA,NA,NA,NA,NA,NA,NA,NA,10.1136/bmjopen-2020-047867,NA,CCI primary endpoint,Yes,No,No,NA,NA,NA,NA,Not mentioned,Not mentioned,NA,NA,No,NA,"CCI primary EP, CD as EP not mentioned", 
3823,"End-ischemic hypothermic oxygenated perfusion for extended criteria donors in liver transplantation: a multicenter, randomized controlled trial—HOPExt",2023,https://www.scopus.com/inward/record.uri?eid=2-s2.0-85161157601&doi=10.1186%2fs13063-023-07402-0&partnerID=40&md5=f89fcc6d7adaa32613a22fb7f86917ea,NA,NCT03929523,Protocol,Study not published yet,Not pilot study,No,No,Abdominal Surgery,Europe,238,NA,NA,NA,NA,NA,NA,NA,NA,NA,NA,NA,NA,NA,NA,NA,NA,NA,NA,NA,NA,NA,NA,NA,NA,10.1186/s13063-023-07402-0,NA,CCI non-primary endpoint,No,Yes,No,NA,NA,NA,NA,Not mentioned,Not mentioned,NA,NA,No,NA, , 
4130,Preoperative oral antibiotics with versus without mechanical bowel preparation to reduce surgical site infections following colonic resection: Protocol for an international randomized controlled trial (ORALEV2),2021,https://www.scopus.com/inward/record.uri?eid=2-s2.0-85105639343&doi=10.1111%2fcodi.15681&partnerID=40&md5=c8f8c1b4b9e311a5f1b96378db0f53d0,NA,NCT04161599,Protocol,Study not published yet,Not pilot study,No,No,Abdominal Surgery,Europe,968,NA,NA,NA,NA,NA,NA,NA,NA,NA,NA,NA,NA,NA,NA,NA,NA,NA,NA,NA,NA,NA,NA,NA,NA,10.1111/codi.15681,NA,CCI non-primary endpoint,No,Yes,No,NA,NA,NA,NA,Not mentioned,Not mentioned,NA,NA,No,NA, , 
4388,Dissection of the inferior mesenteric vein versus of the inferior mesenteric artery for the genitourinary function after laparoscopic approach of rectal cancer surgery: A randomized controlled trial,2019,https://www.scopus.com/inward/record.uri?eid=2-s2.0-85070361167&doi=10.1186%2fs12894-019-0501-5&partnerID=40&md5=765197a89bc11aa60399e6fedf63589f,NA,NCT03520088,Protocol,Study not published yet,Not pilot study,No,No,Abdominal Surgery,Europe,90,NA,NA,NA,NA,NA,NA,NA,NA,NA,NA,NA,NA,NA,NA,NA,NA,NA,NA,NA,NA,NA,NA,NA,NA,10.1186/s12894-019-0501-5,NA,CCI non-primary endpoint,No,Yes,No,NA,NA,NA,NA,Not mentioned,Not mentioned,NA,NA,No,NA, , 
4834,"Minimally invasivE versus open total GAstrectomy (MEGA): Study protocol for a multicentre randomised controlled trial (DRKS00025765)
",2022,"https://www.scopus.com/inward/record.uri?eid=2-s2.0-85140935954&doi=10.1136%2fbmjopen-2022-064286&partnerID=40&md5=6a707cec55a8a3cf89f6dc168230f8e6
",NA,DRKS00025765,Protocol,Study not published yet,Not pilot study,No,No,Abdominal Surgery,Europe,160,NA,NA,NA,NA,NA,NA,NA,NA,NA,NA,NA,NA,NA,NA,NA,NA,NA,NA,NA,NA,NA,NA,NA,NA,10.1136/bmjopen-2022-064286,NA,CCI primary endpoint,Yes,No,No,NA,NA,NA,NA,Not mentioned,Not mentioned,NA,NA,No,NA,NA,NA
4835,"Minimally Invasive Versus open AbdominoThoracic Esophagectomy for esophageal carcinoma (MIVATE) — study protocol for a randomized controlled trial DRKS00016773
",2021,"https://www.scopus.com/inward/record.uri?eid=2-s2.0-85099235872&doi=10.1186%2fs13063-020-04966-z&partnerID=40&md5=8b4fc067891616aa4aab3f2e10ec9f40
",NA,DRKS00016773,Protocol,Study not published yet,Not pilot study,No,No,Abdominal Surgery,Europe,40,NA,NA,NA,NA,NA,NA,NA,NA,NA,NA,NA,NA,NA,NA,NA,NA,NA,NA,NA,NA,NA,NA,NA,NA,10.1186/s13063-020-04966-z,NA,CCI primary endpoint,Yes,No,No,NA,NA,NA,NA,Not mentioned,Not mentioned,NA,NA,No,NA,NA,NA
5097,"Short- versus long-term complementary nutritional support via needle catheter jejunostomy after pancreaticoduodenectomy: Study protocol of a randomized controlled trial
",2017,"https://www.scopus.com/inward/record.uri?eid=2-s2.0-85018510112&doi=10.1016%2fj.isjp.2016.11.001&partnerID=40&md5=7b785aee80ad83a7f5340bbbd3c7177c
",NA,DRKS00010237,Protocol,Study not published yet,Not pilot study,No,No,Abdominal Surgery,Europe,140,NA,NA,NA,NA,NA,NA,NA,NA,NA,NA,NA,NA,NA,NA,NA,NA,NA,NA,NA,NA,NA,NA,NA,NA,10.1016/j.isjp.2016.11.001,NA,CCI primary endpoint,Yes,No,No,NA,NA,NA,NA,Not mentioned,Not mentioned,NA,NA,No,NA,NA,NA
5109,"Parenteral nutrition during neoadjuvant chemotherapy for patients with non-metastatic gastric or esophago-gastric cancer to reduce postoperative morbidity (PERCOG): Study protocol for a randomized controlled trial
",2017,"https://www.scopus.com/inward/record.uri?eid=2-s2.0-85039557518&doi=10.1186%2fs13063-017-2388-3&partnerID=40&md5=fee841bc8e87d434f1fda0e76d8c8333
",NA,DRKS00009451,Protocol,Study not published yet,Not pilot study,No,No,Abdominal Surgery,Europe,150,NA,NA,NA,NA,NA,NA,NA,NA,NA,NA,NA,NA,NA,NA,NA,NA,NA,NA,NA,NA,NA,NA,NA,NA,10.1186/s13063-017-2388-3,NA,CCI primary endpoint,Yes,No,No,NA,NA,NA,NA,Not mentioned,Not mentioned,NA,NA,No,NA,NA,NA
5111,"Peritoneal antiseptic irrigation to prevent surgical site infection after laparotomy for hepatobiliary or gastrointestinal surgery (PAISI)—protocol for a randomized controlled study
",2022,NA,NA,DRKS00028037,Protocol,Study not published yet,Not pilot study,No,No,Abdominal Surgery,Europe,290,NA,NA,NA,NA,NA,NA,NA,NA,NA,NA,NA,NA,NA,NA,NA,NA,NA,NA,NA,NA,NA,NA,NA,NA,10.1186/s13063-022-06975-6,NA,CCI non-primary endpoint,No,Yes,No,NA,NA,NA,NA,Not mentioned,Not mentioned,NA,NA,No,NA,NA,NA
5895,"Prophylactic retrorectus mesh versus no mesh in midline emergency laparotomy closure for prevention of incisional hernia (PREEMER): study protocol for a multicentre, double-blinded, randomized controlled trial
",2022,"https://www.scopus.com/inward/record.uri?eid=2-s2.0-85124446701&doi=10.1093%2fbjsopen%2fzrab142&partnerID=40&md5=930c77144361352ad6223aef1ac54ae2
",NA,NCT04311788,Protocol,Study not published yet,Not pilot study,No,No,Abdominal Surgery,Europe,244,NA,NA,NA,NA,NA,NA,NA,NA,NA,NA,NA,NA,NA,NA,NA,NA,NA,NA,NA,NA,NA,NA,NA,NA,10.1093/bjsopen/zrab142,NA,CCI non-primary endpoint,No,Yes,No,NA,NA,NA,NA,Not mentioned,Not mentioned,NA,NA,No,NA, ,NA
7006,"Different limb lengths in gastric bypass surgery: study protocol for a Swiss multicenter randomized controlled trial (SLIM)
",2021,"https://www.scopus.com/inward/record.uri?eid=2-s2.0-85106276479&doi=10.1186%2fs13063-021-05313-6&partnerID=40&md5=be3713af46cffbb9dc412d2740f76f35
",NA,NCT04219787,Protocol,Study not published yet,Not pilot study,No,No,Abdominal Surgery,Europe,800,NA,NA,NA,NA,NA,NA,NA,NA,NA,NA,NA,NA,NA,NA,NA,NA,NA,NA,NA,NA,NA,NA,NA,NA,10.1186/s13063-021-05313-6,NA,CCI non-primary endpoint,No,Yes,No,NA,NA,NA,NA,Not mentioned,Not mentioned,NA,NA,No,NA,NA,NA
7198,"Overall morbidity after total minimally invasive keyhole oesophagectomy versus hybrid oesophagectomy (the MICkey trial): study protocol for a multicentre randomized controlled trial
",2023,"https://www.scopus.com/inward/record.uri?eid=2-s2.0-85149970018&doi=10.1186%2fs13063-023-07134-1&partnerID=40&md5=3a895073380a002951c0fe9a7aa0d90c
",NA,DRKS00027927,Protocol,Study not published yet,Not pilot study,No,No,Abdominal Surgery,Europe,152,NA,NA,NA,NA,NA,NA,NA,NA,NA,NA,NA,NA,NA,NA,NA,NA,NA,NA,NA,NA,NA,NA,NA,NA,10.1186/s13063-023-07134-1,NA,CCI primary endpoint,Yes,No,No,NA,NA,NA,NA,Not mentioned,Not mentioned,NA,NA,No,NA,NA,NA
7723,"Abdominal drainage versus no drainage after distal pancreatectomy: Study protocol for a randomized controlled trial
",2019,"https://www.scopus.com/inward/record.uri?eid=2-s2.0-85067012078&doi=10.1186%2fs13063-019-3442-0&partnerID=40&md5=12bf30a3a2734a7cd4f04df769b2d9c9
",NA,DRKS00013763,Protocol,Study not published yet,Not pilot study,No,No,Abdominal Surgery,Europe,252,NA,NA,NA,NA,NA,NA,NA,NA,NA,NA,NA,NA,NA,NA,NA,NA,NA,NA,NA,NA,NA,NA,NA,NA,10.1186/s13063-019-3442-0,NA,CCI primary endpoint,Yes,No,No,NA,NA,NA,NA,Not mentioned,Not mentioned,NA,NA,No,NA,"Studyresults were published AFTER our literature search, therefore, we are not allowed to include the study result paper.",NA
7840,"Early enteral vs. oral nutrition after Whipple procedure: Study protocol for a multicentric randomized controlled trial (NUTRIWHI trial)
",2022,"https://www.scopus.com/inward/record.uri?eid=2-s2.0-85134329467&doi=10.3389%2ffonc.2022.855784&partnerID=40&md5=43e0aae2f76d707dbfe93ef148e4fc06
",NA,NCT05042882,Protocol,Study not published yet,Not pilot study,No,No,Abdominal Surgery,Europe,128,NA,NA,NA,NA,NA,NA,NA,NA,NA,NA,NA,NA,NA,NA,NA,NA,NA,NA,NA,NA,NA,NA,NA,NA,10.3389/fonc.2022.855784,NA,CCI primary endpoint,Yes,No,No,NA,NA,NA,NA,Not mentioned,Not mentioned,NA,NA,No,NA,NA,NA
8349,"Individualised perioperative blood pressure and fluid therapy in oesophagectomy – study protocol for a randomised clinical trial
",2023,"https://www.scopus.com/inward/record.uri?eid=2-s2.0-85159249342&partnerID=40&md5=205c214fec531a8a4271378b27d8d30d
",NA,EudraCT number: 2021-002816-30,Protocol,Study not published yet,Not pilot study,No,No,"ICU,Anesthesiology",Europe,100,NA,NA,NA,NA,NA,NA,NA,NA,NA,NA,NA,NA,NA,NA,NA,NA,NA,NA,NA,NA,NA,NA,NA,NA,NA,NA,CCI primary endpoint,Yes,No,No,NA,NA,NA,NA,Not mentioned,Not mentioned,NA,NA,No,NA, ,NA
8399,"The impact of deep versus standard neuromuscular block on intraoperative safety during laparoscopic surgery: an international multicenter randomized controlled double-blind strategy trial — EURO-RELAX TRIAL
",2021,"https://www.scopus.com/inward/record.uri?eid=2-s2.0-85118202009&doi=10.1186%2fs13063-021-05638-2&partnerID=40&md5=aab113d9fa040c5e9e5ed7c2708d5f0d
",NA,NCT04124757,Protocol,Study not published yet,Not pilot study,No,No,"ICU,Anesthesiology",Europe,922,NA,NA,NA,NA,NA,NA,NA,NA,NA,NA,NA,NA,NA,NA,NA,NA,NA,NA,NA,NA,NA,NA,NA,NA,10.1186/s13063-021-05638-2,NA,CCI non-primary endpoint,No,Yes,No,NA,NA,NA,NA,Not mentioned,Not mentioned,NA,NA,No,NA, ,NA
9024,"The Wessex Fit-4-Cancer Surgery Trial (WesFit): A protocol for a factorial-design, pragmatic randomised-controlled trial investigating the effects of a multi-modal prehabilitation programme in patients undergoing elective major intra-cavity cancer surgery
",2022,NA,NA,NCT03509428,Protocol,Study not published yet,Not pilot study,No,No,Other disciplines with invasive procedures,Europe,1560,NA,NA,NA,NA,NA,NA,NA,NA,NA,NA,NA,NA,NA,NA,NA,NA,NA,NA,NA,NA,NA,NA,NA,NA,10.12688/f1000research.55324.2,NA,CCI non-primary endpoint,No,Yes,No,NA,NA,NA,NA,Not mentioned,Not mentioned,NA,NA,No,NA, ,NA
9286,"ERAS with or without supplemental artificial nutrition in open pancreatoduodenectomy for cancer. A multicenter, randomized, open labeled trial (RASTA study protocol)
",2023,"https://www.scopus.com/inward/record.uri?eid=2-s2.0-85153370103&doi=10.3389%2ffnut.2023.1113723&partnerID=40&md5=1140b8a7ea7e3f9158b953859c7c4410
",NA,NCT04438447,Protocol,Study not published yet,Not pilot study,No,No,Other disciplines with invasive procedures,Europe,240,NA,NA,NA,NA,NA,NA,NA,NA,NA,NA,NA,NA,NA,NA,NA,NA,NA,NA,NA,NA,NA,NA,NA,NA,10.3389/fnut.2023.1113723,NA,CCI primary endpoint,Yes,No,No,NA,NA,NA,NA,Not mentioned,Not mentioned,NA,NA,No,NA,"Studyresults were published AFTER our literature search, therefore, we are not allowed to include the study result paper.",NA
9613,"Laparoscopic fundoplication versus laparoscopic Roux-en-Y gastric bypass for gastro-oesophageal reflux disease in obese patients: protocol for a randomized clinical trial
",2022,"https://www.scopus.com/inward/record.uri?eid=2-s2.0-85145387038&doi=10.1093%2fbjsopen%2fzrac132&partnerID=40&md5=dcd60706de7375ece7e485f4be99ba2a
",NA,ACTRN12622000636752p,Protocol,Study not published yet,Not pilot study,No,No,Abdominal Surgery,Australia/ New Zealand,20,NA,NA,NA,NA,NA,NA,NA,NA,NA,NA,NA,NA,NA,NA,NA,NA,NA,NA,NA,NA,NA,NA,NA,NA,10.1093/bjsopen/zrac132,NA,CCI non-primary endpoint,No,Yes,No,NA,NA,NA,NA,Not mentioned,Not mentioned,NA,NA,No,NA,NA,NA
11574,"A multi-centred randomised trial of radical surgery versus adjuvant chemoradiotherapy after local excision for early rectal cancer
",2016,"https://www.scopus.com/inward/record.uri?eid=2-s2.0-84978886176&doi=10.1186%2fs12885-016-2557-x&partnerID=40&md5=2547c048887fa1f740d74b63debbcf97
",NA,NCT02371304,Protocol,Study not published yet,Not pilot study,No,No,Abdominal Surgery,Europe,302,NA,NA,NA,NA,NA,NA,NA,NA,NA,NA,NA,NA,NA,NA,NA,NA,NA,NA,NA,NA,NA,NA,NA,NA,10.1186/s12885-016-2557-x,NA,CCI non-primary endpoint,No,Yes,No,NA,NA,NA,NA,Not mentioned,Not mentioned,NA,NA,No,NA,NA,NA
11711,"INSPIRA: study protocol for a randomized-controlled trial about the effect of spirometry-assisted preoperative inspiratory muscle training on postoperative complications in abdominal surgery
",2022,"https://www.scopus.com/inward/record.uri?eid=2-s2.0-85131358871&doi=10.1186%2fs13063-022-06254-4&partnerID=40&md5=7a53b70ed29ce420591a7d4dfd065106
",NA, NCT04558151,Protocol,Study not published yet,Not pilot study,No,No,Abdominal Surgery,Europe,120,NA,NA,NA,NA,NA,NA,NA,NA,NA,NA,NA,NA,NA,NA,NA,NA,NA,NA,NA,NA,NA,NA,NA,NA,10.1186/s13063-022-06254-4,NA,CCI primary endpoint,Yes,No,No,NA,NA,NA,NA,Not mentioned,Not mentioned,NA,NA,No,NA,NA,NA
11893,"Multimodal prehabilitation for major surgery in elderly patients to lower complications: protocol of a randomised, prospective, multicentre, multidisciplinary trial (PREHABIL Trial)
",2023,"https://www.scopus.com/inward/record.uri?eid=2-s2.0-85145429473&doi=10.1136%2fbmjopen-2022-070253&partnerID=40&md5=7e9c87ea5739cc4ede9c90d45823744c
",NA,NCT04461301,Protocol,Study not published yet,Not pilot study,No,No,"ICU,Anesthesiology",Europe,466,NA,NA,NA,NA,NA,NA,NA,NA,NA,NA,NA,NA,NA,NA,NA,NA,NA,NA,NA,NA,NA,NA,NA,NA,10.1136/bmjopen-2022-070253,NA,CCI primary endpoint,Yes,No,No,NA,NA,NA,NA,Not mentioned,Not mentioned,NA,NA,No,NA,NA,NA
12406,"CANOPTIPHYS study protocol: Optimising PHYSical function before CANcer surgery: effects of pre-operative optimisation on complications and physical function after gastrointestinal cancer surgery in older people at risk—a multicentre, randomised, parallel-group study
",2023,"https://www.scopus.com/inward/record.uri?eid=2-s2.0-85146622312&doi=10.1186%2fs13063-022-07026-w&partnerID=40&md5=d2f199e0e58f70bf0a656cf396a6a713
",NA,NCT04878185,Protocol,Study not published yet,Not pilot study,No,No,Other disciplines with invasive procedures,Europe,67,NA,NA,NA,NA,NA,NA,NA,NA,NA,NA,NA,NA,NA,NA,NA,NA,NA,NA,NA,NA,NA,NA,NA,NA,10.1186/s13063-022-07026-w,NA,CCI non-primary endpoint,No,Yes,No,NA,NA,NA,NA,Not mentioned,Not mentioned,NA,NA,No,NA,NA,NA
12455,"Multidisciplinary Prehabilitation and Postoperative Rehabilitation for Avoiding Complications in Patients Undergoing Resection of Colon Cancer: Rationale, Design, and Methodology of the ONCOFIT Study
",2022,"https://www.scopus.com/inward/record.uri?eid=2-s2.0-85141758679&doi=10.3390%2fnu14214647&partnerID=40&md5=35044752233e1d0cb5f3fa702c2d5c19
",NA,NCT05379205,Protocol,Study not published yet,Not pilot study,No,No,Other disciplines with invasive procedures,Europe,90,NA,NA,NA,NA,NA,NA,NA,NA,NA,NA,NA,NA,NA,NA,NA,NA,NA,NA,NA,NA,NA,NA,NA,NA,10.3390/nu14214647,NA,CCI primary endpoint,Yes,No,No,NA,NA,NA,NA,Not mentioned,Not mentioned,NA,NA,No,NA,NA,NA
