key,authors,title,year,doi,pretrial_document_type,RCT_aim_trial,protocol_aim_trial,RCT_design_aim,protocol_design_aim,RCT_primary_endpoint,protocol_primary_endpoint,RCT_sample_size,protocol_sample_size,RCT_clinical_discussion_interpretation,final_publication_significant_results,condordance_aim,consensus_aim_trial,consensus_design_aim,condordance_design_aim,condordance_primary_endpoint,condordance_sample_size,outcome
rayyan-416562605,"Patel, S and Kataria, K and Ranjan, P and Dhar, A and Seenu, V and Pandey, RM and Srivastava, A",Randomized Controlled Clinical Trial for Mastectomy Skin Flaps: pre-Mammary Fascial Plane Versus a Thin Skin Flap Between Small and Large Fat Lobules and Flap Raised by Scalpel Versus Electrodiathermy,2024,10.1007/s12262-023-03885-y,3,0,999,0,999,Risk of mastectomy skin necrosis (MSN),a)Flap Necrosis: It will be coded as present or absent b)Surgical site infection: It will be coded as present or absent c)Seroma: It will be coded as present or absent d)Hematoma: It will be coded as present or absent e)Blood loss in ml during flap raising and in first 24 hrs in drain fluid. f)Time taken for raising flaps g)Amount of drainage fluid in ml till drain is removed. h)Days with drain.,999,999,0,1,1,0,0,1,2,999,0
rayyan-416562606,"Whitley, A and Baláž, P and Kavalírek, J and Hanusová, J and Gürlich, R",Evaluating the impact of an anti‐microbial silver‐impregnated surgical dressing on wound infections and healing: a randomised clinical trial,2024,10.1111/wrr.13142,999,999,NA,0,NA,999,NA,999,999,999,999,NA,NA,NA,NA,NA,999,0
rayyan-416562608,"Garg, R and Rathore, YS and Chumber, S and Kataria, K and Saini, V and Mohan, A",A Randomised Controlled Study to Reduce the Incidence of Umbilical Port Site Complications in Laparoscopic Cholecystectomy Using Uniform Methods of Umbilical Hygiene,2024,10.1007/s12262-024-04033-w,3,1,999,0,999,999,1. Compare the incidence of port site hernia with and without the use of the standardized method of umbilical hygiene 2. Compare the incidence of port site infection with and without the use of the standardized method of umbilical hygiene 3. Compare the incidence of wound complication with and without the use of the standardized method of umbilical hygiene,999,999,0,0,1,1,0,0,1,999,0
rayyan-416562610,"Bunkar, SK and Verma, K and Jhunjhunwala, A and Singh, A",A Randomized Controlled Clinical Trial of N-Butyl Cyanoacrylate Glue Fixation Versus Tacker Fixation of Mesh in Endoscopic Totally Extraperitoneal Hernia Repair,2024,10.1007/s12262-021-03118-0,999,999,NA,0,NA,"Endpoints studied were recurrence at the end of 6 months, post-operative acute and chronic pain, analgesic requirement in the post-operative period, and duration of surgery.",NA,999,NA,0,0,NA,NA,NA,NA,NA,NA,0
rayyan-416562611,"Kennedy, C and Dowdy, A and McQuillan-Emerson, H and Reinert, D and Ballhaus, B and Rogers, L and Baker, R","Providing coffee in the PACU: impact on postoperative nausea and vomiting, patient satisfaction, and length of stay",2024,NA,999,999,NA,0,NA,999,NA,999,NA,999,0,NA,NA,NA,NA,NA,NA,0
rayyan-416562616,"Juanpeng, Yu and Ting, Yu and Shengsheng, Yu and Yingchun, Gao",Short-term efficacy of laparoscopic type C radical hysterectomy by deep uterine vein approach for treatment of cervical cancer,2024,10.29063/ajrh2024/v28i12.8,999,999,NA,0,NA,999,NA,999,NA,999,999,NA,NA,NA,NA,NA,NA,0
rayyan-416562621,"Jyoti, K and Sharma, A and Rao, PP",Randomised Clinical Trial of Harmonic Scalpel Haemorrhoidectomy Versus Stapled Haemorrhoidopexy in grade III / IV Haemorrhoids,2024,10.1007/s12262-023-03901-1,3,999,999,0,999,"Following the surgical intervention, patient  was evaluated on the primary outcome measures, which  comprised of post operative pain assessment using Visual  Analogue Scale, requirement of analgesia (Time Frame: at  06 h, 24 h, 36 h & 72 h), and intra-operative blood loss  (weight of dry and wet Gauze piece).","Following the surgical intervention, patient  was evaluated on the primary outcome measures, which  comprised of post operative pain assessment using Visual  Analogue Scale, requirement of analgesia (Time Frame: at  06 h, 24 h, 36 h & 72 h), and intra-operative blood loss  (weight of dry and wet Gauze piece).",999,999,0,1,0,999,0,999,1,999,0
rayyan-416562625,"孙敬争, and 贾学勤, and 张东芝, and 李丹丹, and 张丽, and 段伟利,",O 臂导航辅助脊柱后路减压植骨融合内固定治疗 脊柱退行性疾病的临床研究,2024,10.13517/j.cnki.ccm.2024.12.021,999,999,NA,0,NA,999,NA,999,NA,999,999,NA,NA,NA,NA,NA,NA,0
rayyan-416562627,"Сагалевич, АІ and Ожогін, ВВ and Возіанов, ОС and Дубовий, ЯО and Постол, ЯМ and Никифорук, ОО and Наумчук, ОМ",Периопераційна профілактика інфекцій верхніх сечових шляхів у перкутанній хірургії нефролітіазу,2024,10.30841/2786-7323.3.2024.316655,999,999,NA,0,NA,999,NA,999,NA,999,999,NA,NA,NA,NA,NA,NA,0
rayyan-416562644,"Elghadban, H and Negm, A and Hisham, I and Elganash, AE and Taki-Eldin, A",Fixation of Conventional Polypropylene Mesh Versus Non-fixation of 3D Mesh in Laparoscopic Transabdominal Preperitoneal (TAPP) Inguinal Hernia Repair: a Randomized Controlled Trial,2024,10.1007/s12262-023-03974-y,999,999,NA,0,NA,"The primary outcome was the postoperative pain which was evaluated by  the visual analogue Scale (VAS) which is graded from  0 to 10, where 0 referred to no pain, 1–3 indicated mild  pain, 4–6 indicated moderate pain, and 7–10 indicated  severe pain.",NA,999,NA,0,1,NA,NA,NA,NA,NA,NA,0
rayyan-416562645,"Bala, R and Saini, RM and Kiran, S and Bansal, P and Kshetrapal, K and Kataria, P",The Effectiveness of Vitamin C for Postoperative Pain Relief in Patients Undergoing Laparoscopic Cholecystectomy: a Prospective Randomized Double-blind Trial,2024,10.4103/ijpn.ijpn_87_24,999,999,NA,0,NA,The sample size was calculated on the basis of a previous  study[9] and the primary outcome was frequency of rescue  analgesia.,NA,0,NA,0,1,NA,NA,NA,NA,NA,NA,0
rayyan-416562647,"Mohammad Sadeghi, PM and Naseri, AH and Shishegar, A and Melali, H and Ashjaei, A",Comparison of single absorbable tacker vs. conventional method in fixating the mesh in bilateral inguinal hernia undergoing laparoscopic transabdominal preperitoneal (TAPP): a randomized control trial study,2024,10.4103/jrms.jrms_161_23,3,999,999,0,999,"All patients were visited during the hospital stay and  1 month postoperatively to assess the surgical site infection,  seroma, hematoma, days to return to work and pain. Patients were monitored by telephone follow‑up in  6 months and 12 months after surgery regarding seroma,  hematoma, recurrence, neuralgia, and pain. If a patient  stated a complication in telephone follow‑up, an in‑person  examination was done. All data were recorded in a checklist  consisting of 32 multiple‑choice questions filled out by an  investigator. Eura‑Hs questionnaires were used to assess the QOL after  hernia surgery.[15,16] An investigator has filled out these two  by asking patients, 12 months after surgery.","All patients were visited during the hospital stay and  1 month postoperatively to assess the surgical site infection,  seroma, hematoma, days to return to work and pain. Patients were monitored by telephone follow‑up in  6 months and 12 months after surgery regarding seroma,  hematoma, recurrence, neuralgia, and pain. If a patient  stated a complication in telephone follow‑up, an in‑person  examination was done. All data were recorded in a checklist  consisting of 32 multiple‑choice questions filled out by an  investigator. Eura‑Hs questionnaires were used to assess the QOL after  hernia surgery.[15,16] An investigator has filled out these two  by asking patients, 12 months after surgery.",999,999,0,1,0,999,0,999,1,999,0
rayyan-416562663,"Jingxian, He and Shuai, Qin and Yuwen, Wang and Qiuping, Ye and Penglei, Wang and Ye, Zhang and Yun, Wu",Rescue analgesia with a transversus abdominis plane block alleviates moderate-to-severe pain and improves oxygenation after abdominal surgery: a randomized controlled trial,2024,10.3389/fpain.2024.1454665,3,999,999,0,999,The primary outcome was the degree of pain relief on coughing 30 min after the administration of rescue analgesia.,The primary outcome was the degree of pain relief on coughing 30 min after the administration of rescue analgesia.,0,999,0,1,0,999,0,999,1,0,0
rayyan-416562665,"Bansal, K and Khandelwal, M and Beniwal, S and Darshan, N and Bhat, S and Choudhary, R",A Randomized Comparative Study of Ultrasound-guided Femoral Nerve Block Versus Fascia Iliaca Compartment Block for Reducing Pain Associated with Positioning for Spinal Anesthesia in Patients with Proximal Femur Fracture,2024,10.4103/ijpn.ijpn_57_23,3,999,999,0,999,The primary objective was to find out which nerve block was better in reducing pain associated  with a sitting position for spinal anesthesia.,999,0,999,0,1,0,999,0,999,1,0,0
rayyan-416562668,"Wang, XL and Dai, LL and Li, YN and Zhang, JW and Qu, MC and Zhou, YY and Xing, N",Comparing Remimazolam and Propofol for Postoperative Anesthesia Satisfaction in Outpatient Gynecological Surgery: a Randomized Clinical Trial,2024,10.2147/DDDT.S483029,3,1,999,1,999,The primary endpoint was the immediate postoperative anesthesia satisfaction score.,The primary endpoint was the immediate postoperative anesthesia satisfaction score.,0,999,0,1,1,1,1,1,1,0,0
rayyan-416562672,"Dhanger, S and Jayavani, RL and Vaidiyanathan, B and Rajesh, IJ",Randomized controlled trial comparing quadratus Lumborum Block and Surgical Site Infiltration in Total Abdominal Hysterectomy: efficacy Analysis,2024,10.4103/ijpn.ijpn_59_24,3,999,999,0,999,"The primary objective  is to evaluate the analgesia duration between both groups,  defined as the interval from block performance to the first  report of a Verbal Analog Scale (VAS) score ≥4.","The primary objective  is to evaluate the analgesia duration between both groups,  defined as the interval from block performance to the first  report of a Verbal Analog Scale (VAS) score ≥4.",0,999,0,0,0,999,0,999,1,0,0
rayyan-416562686,"郑朋飞, and 邱锴, and 张宾, and 梁晓飞,",颈椎管狭窄 ACCF 与颈后路椎管扩大减压的效果对比,2024,10.13517/j.cnki.ccm.2024.08.024,999,999,NA,0,NA,999,NA,999,NA,0,999,NA,NA,NA,NA,NA,NA,0
rayyan-416562688,"Siya, Lin and Li, Li and Xuyan, Ren and Chunxia, Zhong and Kai, Wu and Xiaoling, Fang and Shaocong, Liang and Xuedong, Chen and Jingxia, Chen and Liucheng, Yang and et al.",Effects of White Noise on Pain Scores and Salivary Cortisol Levels in Surgical Neonates: a Randomized Controlled Trial,2024,10.1097/ANC.0000000000001167,3,999,999,0,999,The primary outcome was pain scores measured by the COMFORTneo Scale (Supplemental Table 1 available at http://links.lww.com/ANC/A268).,The primary outcome was pain scores measured by the COMFORTneo Scale (Supplemental Table 1 available at http://links.lww.com/ANC/A268).,1,999,0,0,0,999,0,999,1,1,0
rayyan-416562690,"Özbaş, N and Şahan, N and Aydın, E",The Effect of Foot Reflexology on Pain and Kinesiophobia in Patients Following Total Knee Arthroplasty A Double-Blind Randomized Controlled Study,2024,10.1097/NOR.0000000000001043,999,999,NA,0,NA,999,NA,0,NA,999,999,NA,NA,NA,NA,NA,NA,0
rayyan-416562696,"肖羽, and 程丹桂, and 刘兴国, and 高军, and 李延林, and 袁增江, and 刘东文, and 杨华,",四磨汤口服液治疗腹部手术后促进胃肠功能恢复的 随机、双盲、安慰剂对照、多中心临床试验,2024,10.13193/j.issn.1673-7717.2024.10.007,999,999,NA,0,NA,999,NA,999,NA,999,999,NA,NA,NA,NA,NA,NA,0
rayyan-416562697,"Rahimi, F and Gholamveisi, B and Rahimi, S and Seidi, J",The Severity of Wound Infection in Washing the Primary Prep Area with 70% Alcohol and Normal Saline in the Orthopedic Surgery Prepped with Povidone-Iodine: a Randomized Clinical Trial,2024,10.18502/jimc.v7i4.16624,999,999,NA,0,NA,"The primary outcome of this clinical trial was the  Wound Infection Rate by Washing with 70% Alcohol and Normal SalineVolume 7 Number 4 Autumn 2024 627 incidence and severity of wound infection after  surgery, which was measured by the standard scale  of the Asepsis index.",NA,0,NA,0,1,NA,NA,NA,NA,NA,NA,0
rayyan-416562698,"Thanachaiviwat, A and Suthaporn, S and Teng-umnuay, P and Fan, D",Cord Blood Platelet‐Rich Plasma in Cesarean Section Wound Management,2024,10.1155/ogi/4155779,999,999,NA,0,NA,999,NA,0,NA,999,999,NA,NA,NA,NA,NA,NA,0
rayyan-416562699,"Kumar, A and Anand, L and Singh, M and Kapoor, D and Singh, J",Comparative Evaluation of Blockbuster™ and Fastrach™ Laryngeal Mask Airway for Endotracheal Intubation: a Prospective Randomised Study,2024,10.4103/arwy.arwy_20_24,3,999,999,0,999,999,Number of attempts at successful SAD insertion • First-attempt success rate of endotracheal intubation,1,999,0,0,0,999,0,999,1,1,0
rayyan-416562702,"Gwanzura, C and Madziyire, MG and Chikwasha, V and Gavi, S and Wright, P and Walker, D and Chirenje, ZM","Efficacy of tranexamic acid for the prevention of post-partum haemorrhage among women undergoing caesarean section in Harare, Zimbabwe: a randomized controlled trial",2024,10.1525/agh.2024.2307229,3,999,999,0,0,"The primary outcome of the study (PPH) was considered to have occurred if the estimated blood loss (EBL) was greater than 1,000 mL.","The primary outcome of the study (PPH) was considered to have occurred if the estimated blood loss (EBL) was greater than 1,000 mL.",0,999,0,0,0,999,0,999,1,0,0
rayyan-416562703,"Sallam Masoud, AM and El Zaher, EZH and Nada, AN and Nagy, AM and Moussa, IS",Ilioinguinal approach versus modified Stoppa approach and lateral window for management of high anterior column fracture,2024,10.25259/JMSR_225_2024,999,999,NA,0,NA,999,NA,999,NA,999,999,NA,NA,NA,NA,NA,NA,0
rayyan-416562741,"Han-Bing, Lu and Rui-Chen, Ma and Ying-Ying, Yin and Chun-Yu, Song and Ting-Ting, Yang and Jiao, Xie",Clinical Indicators of Effects of Yoga Breathing Exercises on Patients With Lung Cancer After Surgical Resection: a Randomized Controlled Trial,2024,10.1097/NCC.0000000000001208,3,999,999,0,999,999,999,999,999,999,999,0,999,0,999,0,999,0
rayyan-416562744,"Philip, EF and Rajandram, R and Zuber, M and Khong, TL and Roslani, AC",Prophylactic PICO◊ dressing shortens wound dressing requirements post emergency laparotomy (EL-PICO◊ trial),2024,10.1186/s13017-024-00560-9,3,999,999,0,999,Our primary  outcome was the rate of SSI within 30  days after  emergency laparotomy in patients receiving the PICO◊ system dressing versus those who received the standard  occlusive post-operative dressing,999,0,999,1,0,0,999,0,999,1,0,0
rayyan-416562747,"Liu, J and Wang, T and Song, J and Cao, L",Effect of esketamine on postoperative analgesia and postoperative delirium in elderly patients undergoing gastrointestinal surgery,2024,10.1186/s12871-024-02424-w,3,0,999,0,999,"Postoperative pain was evaluated by Numerical rating  scale scores (NRS scores) at 4, 24, and 48 h after surgery  (0 is painless, 1–3 is mild pain, does not affect sleep; 4–6  is moderate pain; 7–9 are classified as severe pain, difficulty falling asleep or pain waking up during sleep; 10 is  excruciating pain, unbearable).","Postoperative pain was evaluated by Numerical rating  scale scores (NRS scores) at 4, 24, and 48 h after surgery  (0 is painless, 1–3 is mild pain, does not affect sleep; 4–6  is moderate pain; 7–9 are classified as severe pain, difficulty falling asleep or pain waking up during sleep; 10 is  excruciating pain, unbearable).",0,999,0,1,1,0,0,1,1,0,0
rayyan-416562750,"Dayal, A and Mandal, AP and Kumar, J and Prasad, S",Postoperative Analgesic Efficacy of the Pulmonary Recruitment Manoeuvre Compared to Intraperitoneal Hydrocortisone in Laparoscopic Surgical Procedure,2024,NA,999,999,NA,0,NA,999,NA,999,NA,999,999,NA,NA,NA,NA,NA,NA,0
rayyan-416562755,"Kumar, A and Naeem, MS and Sandhya, BK and Singh, J",EFFICACY OF PREEMPTIVE AND PREVENTIVE ANALGESIA IN REDUCING POSTOPERATIVE RESCUE ANALGESIC REQUIREMENTS IN SURGICAL PATIENTS,2024,10.53555/jptcp.v31i3.4940,999,999,NA,0,NA,999,NA,999,NA,999,999,NA,NA,NA,NA,NA,NA,0
rayyan-416562756,"Kamen, S and Bistra, D-Y and Todor, G and Asen, I and Gencho, N",The Effects of Postoperative Trimetazidine Treatment on Ischemia-Reperfusion Injury after Isolated Surgical Myocardial Revascularization,2024,10.2478/jce-2024-0019,999,999,NA,0,NA,999,NA,999,NA,999,999,NA,NA,NA,NA,NA,NA,0
rayyan-416562758,"Baser, N and Birla, M and Arora, M and Sahaya, A",Postoperative Analgesia in Modified Radical Mastectomy Patients After Instillation of Bupivacaine Through Surgical Drains,2024,10.48047/jcdr.2024.15.08.131,999,999,NA,0,NA,999,NA,999,NA,999,999,NA,NA,NA,NA,NA,NA,0
rayyan-416562759,"Sainz de Baranda, B and Silvestre, FJ and Márquez-Arrico, CF and Silvestre-Rangil, J",Surgical difficulty and postoperative course of the third molar extraction under general anesthesia: an intervention trial,2024,10.1016/j.jormas.2023.101663,999,999,NA,0,NA,999,NA,999,NA,999,999,NA,NA,NA,NA,NA,NA,0
rayyan-416562762,"Yilmaz, TS and Kumtepe, Y and Senocak, GNC and Yilmaz, EPT and Yapar, A",Randomized Trial of Single-Incision Midurethral Sling And Laparoscopic Burch Colposuspension: postoperative Surgical Outcomes and Complications,2024,10.1016/j.jmig.2024.05.009,3,999,999,0,999,The primary result of our study was determined to be objective cure,The primary result of our study was determined to be objective cure,0,999,0,0,0,999,0,999,1,0,0
rayyan-416562766,"Usman, A and Mehdi, SR and Khan, AA",Preventive analgesia with oral tramadol and pregabalin for post-operative pain in breast surgical patients,2024,10.35975/apic.v28i1.2374,999,999,NA,0,NA,999,NA,999,NA,999,999,NA,NA,NA,NA,NA,NA,0
rayyan-416562767,"Ali, S and Khan, F and Hafeez, S and Jan, ZU and Uddin, MT",Effectiveness of Early Feeding versus Conventional Protocol after Stoma Reversal in Adult Surgical Practices,2024,10.29271/jcpsp.2024.10.1158,3,999,999,0,999,"The primary objective of the study is to determine  the efficacy of suppl‑EBM feeding to improve the  weight of infants who underwent congenital cardiac  repair compared to standard feeding, i.e. EBM  feeding.","The primary objective of the study is to determine  the efficacy of suppl‑EBM feeding to improve the  weight of infants who underwent congenital cardiac  repair compared to standard feeding, i.e. EBM  feeding.",0,999,0,1,0,999,0,999,1,0,0
rayyan-416562770,"Kaplan, ST and Kale, A","Comparison of the Female Sexual Function Index, Beck Depression Inventory, and Patient Satisfaction Scale in Patients Undergoing Total Abdominal Hysterectomy and Single-Port Laparoscopic Hysterectomy for Benign Conditions",2024,10.37990/medr.1529028,999,999,NA,0,NA,999,NA,999,NA,999,999,NA,NA,NA,NA,NA,NA,0
rayyan-416562773,"Kemani, MK and Hanafi, R and Brisby, H and Lotzke, H and Lundberg, M",Long-Term Follow-Up of a Person-Centered Prehabilitation Program Based on Cognitive-Behavioral Physical Therapy for Patients Scheduled for Lumbar Fusion,2024,10.1093/ptj/pzae069,1,999,999,0,0,"The primary outcome, back pain–related disability, was assessed using the ODI 2.0.","The primary outcome, back pain–related disability, was assessed using the ODI 2.0.",1,1,0,0,0,999,0,999,1,1,0
rayyan-416562774,"Costa, MJ and Martins, MF and Lages, RR and Gonçalves, ÁL and Armas, IS and Almeida, JI and Dantas, MJ and Lopes, VN",Optimizing Closed Incision Negative Pressure Wound Therapy in Emergency Laparotomy (OPTIWOUND): a Multi-arm Randomized Prospective Trial,2024,10.21614/sgo-684,3,999,999,0,999,"The primary outcome was defined as surgical site infection diagnosed as cellulitis around the wound  with other signs of infection (fever, elevated C-reactive protein or leukocystosis), purulent wound discharge (regardless of other findings) or identification of  bacteria in fluids collected from wound when infection was suspected but not definitive","The primary outcome was defined as surgical site infection diagnosed as cellulitis around the wound  with other signs of infection (fever, elevated C-reactive protein or leukocystosis), purulent wound discharge (regardless of other findings) or identification of  bacteria in fluids collected from wound when infection was suspected but not definitive",999,999,0,1,0,999,0,999,1,999,0
rayyan-416562775,"Kubat Bakir, G and Göktas, S",The Effects of Motivational Interviews About Activities of Daily Living on Physical Adjustment and Quality of Life in Elderly Total Knee Arthroplasty Patients: a Randomised-Controlled Trial,2024,10.3390/healthcare12232472,3,999,999,0,999,The primary results of this study are changes in the functional capacity and quality of life of patients before and after the intervention.,The primary results of this study are changes in the functional capacity and quality of life of patients before and after the intervention.,0,999,0,1,0,999,0,999,1,0,0
rayyan-416562776,"Rosyadi, I and Anam, K and Mochamat,",A PECS II Block as Post Operative Analgesia After Modified Radical Mastectomy,2024,10.20961/soja.v4i2.67195,999,999,NA,0,NA,999,NA,999,NA,999,999,NA,NA,NA,NA,NA,NA,0
rayyan-416562778,"Bharadwaj, A and Solanki, RN and Thakkar, J and Dey, S",A Randomized Controlled Study of Epidural Morphine Sulfate-soaked Gelfoam and Morphine Sulfate Instillation in the Management of Postoperative Pain following Lumbar Spinal Fixation Surgery,2024,10.4103/ijpn.ijpn_88_23,999,999,NA,0,NA,"The  current study seeks to contribute to this evolving landscape  by comparing the analgesic efficacy of Gelfoam soaked with  morphine sulfate placed in the epidural space and direct  instillation of morphine sulfate in the epidural space for  postoperative pain management following lumbar spinal  fixation surgery, which is the primary objective.",NA,0,NA,1,1,NA,NA,NA,NA,NA,NA,0
rayyan-416562783,"Kaciroglu, A and Ekinci, M and Gurbuz, H and Ulusoy, E and Ekici, MA and Dogan, Ö and Golboyu, BE and Alver, S and Ciftci, B",Surgical vs ultrasound-guided lumbar erector spinae plane block for pain management following lumbar spinal fusion surgery,2024,10.1007/s00586-024-08347-x,3,999,999,0,999,999,Postoperative  opioid consumption,0,999,0,999,0,999,0,999,1,0,0
rayyan-416562784,"Singh, VA and Ong, BK and Yasin, NF",Oxidised cellulose in musculoskeletal oncology procedure: does it reduce postoperative blood loss?,2024,10.1007/s12306-024-00840-2,999,999,NA,0,NA,The primary outcome was postoperative blood loss as  determined by postoperative Redivac charting.,NA,1,NA,0,0,NA,NA,NA,NA,NA,NA,0
rayyan-416562787,"Cetin, O and Ak, K and Sahin, TB and Çetin, ID",Rectus muscle re-approximation in cesarean section - a surgical dilemma: to close or not to close?,2024,10.5603/gpl.98027,3,999,999,0,999,999,"The primary outcome will be the changes in total NSAID, opioid and acetaminophen use of the patients between the groups (rectus reapproximation and no rectus reapproximation groups).",0,999,0,0,0,999,0,999,1,0,0
rayyan-416562791,"Wei, Y and Zhu, M and Man, Y and Xiao, H and Dong, G and Shi, X and Ji, F",Clinical Study of Flumazenil Antagonizing Remimazolam on Nausea and Vomiting After Gynecologic Day Surgery,2024,10.2147/DDDT.S444313,3,999,999,0,999,Incidence of PONV in patients within 24 hours.,Incidence of PONV in patients within 24 hours.,0,999,0,1,0,999,0,999,1,0,0
rayyan-416562793,"Abdullateef, KS and Elbarbary, M and Kaddah, S and Elezaby, BM and Ragab, AS and Mohamed, W",Modified versus Classical Tubularised Incised Plate Urethroplasty in Hypospadias: a Comparative Study,2024,10.4103/ajps.ajps_107_22,999,999,NA,0,NA,999,NA,999,NA,999,999,NA,NA,NA,NA,NA,NA,0
rayyan-416562794,"Menefee, SA and Richter, HE and Myers, D and Moalli, P and Weidner, AC and Harvie, HS and Rahn, DD and Meriwether, KV and Paraiso, MFR and Whitworth, R and et al.",Apical Suspension Repair for Vaginal Vault Prolapse: a Randomized Clinical Trial,2024,10.1001/jamasurg.2024.1206,3,1,1,1,1,"The primary outcome was time to failure, defined as a composite measure of any of the following.","The primary outcome was time to failure, defined as a composite measure of any of the following.",0,0,1,1,1,1,1,1,1,0,0
rayyan-416562796,"Li, H and Li, J and Yao, X and Chu, H",3 M antimicrobial incise drape combined with MEBO in wound recovery of postoperative hypospadias surgery,2024,10.1007/s11255-023-03925-2,999,999,NA,0,NA,999,NA,999,NA,999,999,NA,NA,NA,NA,NA,NA,0
rayyan-416562797,"Beckers, G and Mazy, D and Manche, E and Geulette, B",Impact of tourniquet use in total knee arthroplasty on functional recovery and postoperative pain: a prospective study,2024,10.1007/s00402-023-05158-5,999,999,NA,0,NA,999,NA,999,NA,999,999,NA,NA,NA,NA,NA,NA,0
rayyan-416562798,"Arslan, S and Yildirim, H and Çobanoglu, B and Isik, AÜ and Bahadir, O",Impact of Intranasal Splint Removal Time on Postoperative Complications after Septoplasty,2024,10.4103/njcp.njcp_381_23,999,999,NA,0,NA,999,NA,999,NA,999,999,NA,NA,NA,NA,NA,NA,0
rayyan-416562802,"Smitha Chandra, BC and Girish, BS and Mohan, G and Gowda, P",Assessment of Hemostatic Efficacy of Feracrylum in Endonasal Surgical Interventions: a Randomized Controlled Study,2024,10.21276/SSR-IIJLS.2024.10.3.27,999,999,NA,0,NA,999,NA,999,NA,999,999,NA,NA,NA,NA,NA,NA,0
rayyan-416562806,"Narahari, J and Manekar, AA and Tripathy, BB and Sahoo, SK and Mohanty, MK",Risk of Glans Dehiscence Associated with Vascular Flap Coverage of the Glanular Neourethra during Primary Urethroplasty: a Randomised Controlled Trial,2024,10.4103/ajps.ajps_6_23,3,999,999,0,999,999,"To determine glanular complications (meatal stenosis, glanular dehiscence, glanular urethral stricture) after primary urethroplasty with and without vascular flap coverage of glanular neourethra.",1,999,0,0,0,999,0,999,1,1,0
rayyan-416562809,"Abdelhakim, AK and Esmail, A and Elshafaei, K and Fadel, N and Wahdan, AS",LMA vs ETT for airway management during general anesthesia for surgical resection of supratentorial tumor; a randomized controlled study,2024,10.35975/apic.v28i4.2518,3,999,999,0,999,The primary outcome was the incidence of emergence  hypertension.,The primary outcome was the incidence of emergence  hypertension.,0,999,0,1,0,999,0,999,1,0,0
rayyan-416562822,"Yoo, N and Mun, JY and Kye, BH and Kim, CW and Lee, JI and Park, YY and Kang, BM and Park, BK and Kwak, HD and Kang, WK and et al.",Plastic Wound Protector vs Surgical Gauze for Surgical Site Infection Reduction in Open GI Surgery: a Randomized Clinical Trial,2024,10.1001/jamasurg.2024.0765,2,0,999,0,0,The primary outcome was the difference in rates of SSIs between 2 groups: one using the plastic wound protector (experimental group) and the other using conventional surgical gauze (control group).,The primary outcome was the difference in rates of SSIs between 2 groups: one using the plastic wound protector (experimental group) and the other using conventional surgical gauze (control group).,0,0,1,1,1,0,0,1,1,0,0
rayyan-416562835,"Sandhu, MS and Aggarwal, K and Singh, M and Singh, S and Singh, A and Vats, O",A STUDY TO ASSESS THE EFFICACY OF BUPIVACAINE INSTILLATION THROUGH SURGICAL DRAINS FOR CONTROL OF POST-OPERATIVE PAIN IN MODIFIED RADICAL MASTECTOMY,2024,10.48047/jcdr.2024.15.09.201,999,999,NA,0,NA,999,NA,999,NA,999,999,NA,NA,NA,NA,NA,NA,0
rayyan-416562837,"Wang, B and Qi, F and Wang, Y and Zhang, J and Li, W and Li, X",Effectiveness of refined nursing intervention on postoperative recovery and respiratory function in lung cancer patients after thoracic surgery,2024,10.1097/MD.0000000000040209,999,999,NA,0,NA,"The primary outcomes related to heart and pulmonary function  recovery due to thoracic surgical treatment, such as the recovery rate of respiratory function, respiratory rate and heart rate  were recorded and statistically analyzed.",NA,999,NA,0,1,NA,NA,NA,NA,NA,NA,0
rayyan-416562839,"Lin, S and Li, L and Ren, X and Zhong, C and Wu, K and Fang, X and Liang, S and Chen, X and Chen, J and Yang, L and et al.",Effects of White Noise on Pain Scores and Salivary Cortisol Levels in Surgical Neonates: a Randomized Controlled Trial,2024,10.1097/ANC.0000000000001167,3,999,999,0,999,The primary outcome was pain scores measured by the COMFORTneo Scale (Supplemental Table 1 available at http://links.lww.com/ANC/A268).,The primary outcome was pain scores measured by the COMFORTneo Scale (Supplemental Table 1 available at http://links.lww.com/ANC/A268).,1,999,0,0,0,999,0,999,1,1,0
rayyan-416562842,"Mariyam, S and Chowdhary, H and Sharma, S and Arora, C",Efficacy of Pre-Surgical Bupivacaine Infiltration in Reducing Postoperative Pain in Laparoscopic Gynecologic Surgery: a Randomized Controlled Trial,2024,10.5281/zenodo.12741120,999,0,NA,0,NA,999,NA,999,NA,999,999,NA,NA,NA,NA,NA,NA,0
rayyan-416562847,"Kowalski, G and Leppert, W and Domagalska, M and Grochowicka, M and Tezyk, A and Slowinski, K and Bienert, A and Szkutnik-Fiedler, D and Wieczorowska-Tobis, K",Analgesic Efficacy of Oxycodone in Postoperative Dressings after Surgical Treatment of Burn Wounds: a Randomised Controlled Trial,2024,10.3390/jcm13030784,3,999,999,0,0,999,Measurement of the serum morphone concentration on the day of the procedure,999,999,999,999,0,999,0,999,1,999,0
rayyan-416562848,"Stasiowski, MJ and Lyssek-Boron, A and Kawka-Osuch, M and Niewiadomska, E and Grabarek, BO",Possibility of Using Surgical Pleth Index in Predicting Postoperative Pain in Patients after Vitrectomy Performed under General Anesthesia,2024,10.3390/diagnostics14040425,3,999,999,0,999,999,"pain perception intraoperatively, oculocardiac reflex rate""},{""text"":""not primary aims of published so 999",999,999,999,999,0,999,0,999,1,999,0
rayyan-416562849,"Chen, X and Xi, Y and Lin, C and Yu, H and Kim, JY and Wee, JO and He, X and Gao, J and Shen, W",An esophagectomy surgical Apgar score-based nomogram-a risk-based postoperative triage system: a phase II randomised trial,2024,10.21037/jtd-24-451,2,999,999,0,999,The primary endpoint was 30-day major complications.,The primary endpoint was 30-day major complications.,999,999,0,1,0,999,0,999,1,999,0
rayyan-416562851,"Singal, A and Sahu, MK and Kumar, GT and Aeri, BT and Manral, M and Agarwala, A and Pandey, S",Efficacy of early enteral feeding with supplemented mother's milk on postoperative outcomes of cardiac surgical infants: a randomized controlled trial,2024,10.4103/apc.apc_160_24,3,999,999,0,999,"The primary objective of the study is to determine  the efficacy of suppl‑EBM feeding to improve the  weight of infants who underwent congenital cardiac  repair compared to standard feeding, i.e. EBM  feeding.","The primary objective of the study is to determine  the efficacy of suppl‑EBM feeding to improve the  weight of infants who underwent congenital cardiac  repair compared to standard feeding, i.e. EBM  feeding.",0,999,0,1,0,999,0,999,1,0,0
rayyan-416562853,"Chen, J and Liang, S and Wei, M and Ma, Y and Bi, T and Liu, Z and Song, Y and Chen, H and Wang, Y",Trace of delirium after robotic lower abdominal tumor resection at different end-tidal carbon dioxide: a RCT trial,2024,10.1186/s12871-024-02617-3,999,0,NA,0,NA,Our primary outcome  was the incidence of delirium at 3 days after surgery.,NA,999,NA,0,0,NA,NA,NA,NA,NA,NA,0
rayyan-416562858,"Abdullateef, KS and Nagaty, MAM and Fathy, M and Elmenawi, KA and Aboalazayem, A and Abouelfadl, MH",The Outcomes of Modified Millard Technique Versus Tennison-Randall Technique in Unilateral Cleft Lip Repair: a Comparative Trial,2024,10.4103/ajps.ajps_99_22,999,999,NA,0,NA,999,NA,999,NA,999,999,NA,NA,NA,NA,NA,NA,0
rayyan-416562859,"Mabrouk, MM and Abdullateef, KS and Abdelsattar, AH and Elbarbary, M and Kaddah, S and Mohamed, W",Comparative Study between Modified Millard and White Roll Vermilion Flap Techniques in Unilateral Lip Repair: a Randomised Controlled Study,2024,10.4103/ajps.ajps_20_23,999,999,NA,0,NA,999,NA,999,NA,999,999,NA,NA,NA,NA,NA,NA,0
rayyan-416562864,"Ye, ZH and Li, Y and Wu, XP and Yu, Z and Ma, ZR and Hai, KR and Ye, QS",Efficacy of dexmedetomidine combined with ropivacaine on postoperative analgesia and delirium in elderly patients with total knee arthroplasty,2024,10.1007/s11701-023-01773-x,999,999,NA,0,NA,999,NA,999,NA,999,999,NA,NA,NA,NA,NA,NA,0
rayyan-416562871,"Shishir, KR and Vasudev, ML",A Comparative Analysis of Intrathecal Fentanyl vs. Clonidine for Postoperative Analgesia in Lower Limb Surgeries,2024,NA,999,999,NA,0,NA,999,NA,999,NA,999,999,NA,NA,NA,NA,NA,NA,0
rayyan-416562872,"Lua-Mailland, LL and Nowacki, AS and Paraiso, MFR and Park, AJ and Wallace, SL and Ferrando, CA",Virtual Compared With In-Office Postoperative Visits After Urogynecologic Surgery: a Randomized Controlled Trial,2024,10.1097/AOG.0000000000005694,2,1,1,1,1,"The primary outcome was patient satisfaction as measured by the PSQ-18 (Patient Satisfaction Questionnaire-18) (Appendix 1, available online at http://links.lww.com/AOG/D792).","The primary outcome was patient satisfaction as measured by the PSQ-18 (Patient Satisfaction Questionnaire-18) (Appendix 1, available online at http://links.lww.com/AOG/D792).",1,1,1,1,1,1,1,1,1,1,1
rayyan-416562877,"Shi, X and Cui, L and Shi, Y and Zhang, G and Yang, Z and Wang, D",Fast-track surgery applied in gynecological oncological surgical treatment: a prospective randomized trial,2024,10.4314/ahs.v24i3.32,3,999,999,0,999,"The length of postoperative hospitalization (days,  mean±standard deviation), defined as the number of  days between the date of discharge and the date of surgery, was selected as the primary endpoint.","The length of postoperative hospitalization (days,  mean±standard deviation), defined as the number of  days between the date of discharge and the date of surgery, was selected as the primary endpoint.",999,999,0,0,0,999,0,999,1,999,0
rayyan-416562892,"Consorti, G and Monarchi, G and Paglianiti, M and Betti, E and Balercia, P",Reduction of Post-Surgical Facial Edema Following Bromelain and Coumarin Intake in Traumatology: a Prospective Study with 100 Patients,2024,10.3390/jcm13040922,999,999,NA,0,NA,999,NA,999,NA,999,999,NA,NA,NA,NA,NA,NA,0
rayyan-416562894,"Shams, KA and Ellahony, DM and Halima, AF and Elzayat, RS",Effect of phosphodiesterase type 5 inhibitors on surgical outcome of ventricular septal defect and pulmonary hypertension patients,2024,10.1186/s43044-024-00475-5,999,999,NA,0,NA,The primary outcomes were improvement in RVSP  and mPAP.,NA,999,NA,1,0,NA,NA,NA,NA,NA,NA,0
rayyan-416562897,"Samarei, R and Roushani, A and Yousefnezhad, A",Comparing Success Rate of Two Surgical Approaches of Tympanoplasty in Patients with Chronic Otitis Media,2024,10.61186/jambr.32.150.1,999,999,NA,0,NA,999,NA,999,NA,999,999,NA,NA,NA,NA,NA,NA,0
rayyan-416562898,"Lalchand, H and Anil Kumar, MR and Venkatamurthy, H",Analgesic Effectiveness of Surgical Transversus Abdominis Plane Block after Cesarean Delivery,2024,10.5005/jp-journals-10006-2379,999,999,NA,0,NA,Primary objective: To assess the postoperative pain relief in the  first 24 hours following the lower segment cesarean section as  monitored by VAS.,NA,999,NA,0,1,NA,NA,NA,NA,NA,NA,0
rayyan-416562899,"Gouda, L and Lamani, YP and Singareddi, R and Kalburgi, EB and Veena, HR",Surgical Outcome Following Open and Closed Hemorhoidectomy: a Single Blinded Randomised Controlled Study,2024,NA,999,999,NA,0,NA,999,NA,999,NA,999,999,NA,NA,NA,NA,NA,NA,0
rayyan-416562900,"Kumar, S and Kumar, S and Manish,",Surgical Therapy of Bilateral Inguinal Hernias: a Comparison between Lichtenstein's Approach and Stoppa's Repair,2024,NA,999,999,NA,0,NA,999,NA,999,NA,999,999,NA,NA,NA,NA,NA,NA,0
rayyan-416562901,"Reijnders-Boerboom, GTJA and Jacobs, LMC and Helder, LS and Panhuizen, IF and Brouwer, MPJ and Albers, KI and Loonen, T and Scheffer, GJ and Keijzer, C and van Basten, JA and et al.",Recovery and immune function after low pressure pneumoperitoneum during robot-assisted radical prostatectomy: a randomised controlled trial,2024,10.1111/bju.16397,1,999,999,0,0,999,Quality of Recovery score (QoR-40) at postoperative day 1 and IL-6 response upon whole blood LPS stimulation at postoperative day 1 are the primary outcomes.,0,0,0,0,0,999,0,999,1,0,0
rayyan-416562905,"Wilnerzon Thörn, RM and Forsberg, A and Stepniewski, J and Hjelmqvist, H and Magnuson, A and Ahlstrand, R and Ljungqvist, O","Immediate mobilization in post-anesthesia care unit does not increase overall postoperative physical activity after elective colorectal surgery: a randomized, double-blinded controlled trial within an enhanced recovery protocol",2024,10.1002/wjs.12102,3,999,999,0,999,The primary outcome was in‐hospital physical activity determined by an accelerometer counting the steps at daytime (07:00–20:00) during the first 3 postoperative days (POD 1–3).,The primary outcome was in‐hospital physical activity determined by an accelerometer counting the steps at daytime (07:00–20:00) during the first 3 postoperative days (POD 1–3).,1,999,0,0,0,999,0,999,1,1,0
rayyan-416562915,"Sun, Z and Ma, T and Huang, Z and Lu, J and Xu, L and Wang, Y and Li, X and Wei, Z and Wang, G and Xiao, Y",Robot-assisted radical resection of colorectal cancer using the KangDuo surgical robot versus the da Vinci Xi robotic system: short-term outcomes of a multicentre randomised controlled noninferiority trial,2024,10.1007/s00464-024-10682-5,999,1,NA,1,NA,"The primary endpoint of this trial was the success rate of  the operation, which was defined as no conversion to laparoscopic or open surgery.",NA,0,NA,0,1,NA,NA,NA,NA,NA,NA,0
rayyan-416562920,"Jain, R and Madhu, RT and Dalsinge, V and Mahesh, BN",A COMPARATIVE STUDY BETWEEN LICHTENSTEIN TENSION FREE MESH REPAIR AND MODIFIED BASSINI’S REPAIR OF INGUINAL HERNIAS IN A TERTIARY CARE CENTER,2024,10.48047/jcdr.2024.15.01.83,999,999,NA,0,NA,999,NA,999,NA,999,999,NA,NA,NA,NA,NA,NA,0
rayyan-416562926,"Demirpolat, MT and Islam, MM and Bacaksiz, ME and Ertekin, SC and Sisik, A",Comparison of Early Postoperative Outcomes of Omentopexy and Clips along the Staple Line During Laparoscopic Sleeve Gastrectomy: a Randomized Study,2024,10.1007/s11695-024-07543-4,3,999,999,0,999,The primary outcome measure of the study was defined as  postoperative bleeding requiring with/without intervention after omentopexy and clipping reinforcement methods performed along the staple line during LSG.,The primary outcome measure of the study was defined as  postoperative bleeding requiring with/without intervention after omentopexy and clipping reinforcement methods performed along the staple line during LSG.,999,999,1,0,0,999,0,999,1,999,0
rayyan-416562934,"Kochupurackal, JC and Bhattacharjee, S and Baidya, DK and Panwar, R and Prakash, K and Rewari, V and Maitra, S",Postoperative pulmonary complications with high versus standard fiO2 in adult patients undergoing major abdominal surgery: a noninferiority trial,2024,10.1016/j.surg.2023.10.020,3,1,1,1,999,Postoperative pulmonary complications were assessed on the postoperative day 3 and day 5 by the Melbourne Group Scale (MGS).12 Postoperative pulmonary complications were defined by the presence of 4 or more of the 8 dichotomous factors. All patients were followed until discharge from the hospital.,Postoperative pulmonary complications were assessed on the postoperative day 3 and day 5 by the Melbourne Group Scale (MGS).12 Postoperative pulmonary complications were defined by the presence of 4 or more of the 8 dichotomous factors. All patients were followed until discharge from the hospital.,0,999,0,1,1,1,1,1,1,0,0
rayyan-416562935,"Méndez-Martínez, C and Casado-Verdejo, I and Fernández-Fernández, JA and Sánchez-Valdeón, L and Bello-Corral, L and Méndez-Martínez, S and Sandoval-Diez, A and Gómez-Salgado, J and García-Suárez, M and Fernández-García, D",Projection of visual material on postoperative delirium in patients undergoing cardiac surgery: a double blind randomized clinical trial,2024,10.1097/MD.0000000000039470,3,999,999,0,999,999,"Changes in the Confusion Assessment Method for the Intensive Care Unit (CAM-ICU) scale, Mini-Mental State Examination (MMSE) scale",999,999,999,999,0,999,0,999,1,999,0
rayyan-416562937,"Li, XF and Mao, WJ and Jiang, RJ and Yu, H and Zhang, MQ and Yu, H",Effect of Mechanical Ventilation Mode Type on Postoperative Pulmonary Complications After Cardiac Surgery: a Randomized Controlled Trial,2024,10.1053/j.jvca.2023.11.024,3,999,999,0,999,The primary outcome was the occurrence of composite pulmonary complications during the first 7 days after surgery.,The primary outcome was the occurrence of composite pulmonary complications during the first 7 days after surgery.,0,999,0,0,0,999,0,999,1,0,0
rayyan-416562941,"Green, KW and Popovic, G and Baitch, L","Intraoperative methadone for day-case gynaecological laparoscopy: a double-blind, randomised controlled trial",2024,10.1177/0310057X231214551,3,999,999,0,999,"Opioid dose, in oral morphine equivalents20 (OMEs) administered in the PACU.","Opioid dose, in oral morphine equivalents20 (OMEs) administered in the PACU.",0,999,1,1,0,999,0,999,1,0,0
rayyan-416562945,"Joshi Suyajna, D and Shirsat, A and Shukla, V",STUDY ROLE OF SURGICAL BUNDLE AND VAGINAL CLEANING IN PREVENTION OF POST-OPERATIVE INFECTION IN EMERGENCY LSCS IN OBESE WOMEN A PROSPECTIVE RANDOMIZED TRIAL,2024,10.48047/jcdr.2024.15.07.198,999,999,NA,0,NA,999,NA,999,NA,999,999,NA,NA,NA,NA,NA,NA,0
rayyan-416562946,"Gower, EW and Sisay, A and Bayissasse, B and Seyum, D and Weaver, J and Munoz, B and Keil, AP and Bankoski, A and Sullivan, KM and Kana, H and et al.",The impact of modified incision height and surgical procedure on trichiasis surgery outcomes: results of the maximizing trichiasis surgery success (MTSS) randomized trial,2024,10.1371/journal.pntd.0012034,1,999,0,0,0,"The primary outcome was cumulative PTT incidence, defined as PTT noted at the 6-week or 12-18-month visits.","The primary outcome was cumulative PTT incidence, defined as PTT noted at the 6-week or 12-18-month visits.",0,0,1,0,1,0,0,1,1,0,0
rayyan-416562948,"Kelly, K and Kolbeinsson, H and Blanck, LM and Khan, M and Kyriakakis, R and Assifi, MM and Wright, GP and Chung, M",Can we let our patients sleep in the hospital? A randomized controlled trial of a pragmatic sleep protocol in surgical oncology patients,2024,10.1002/jso.27565,999,999,NA,0,NA,The primary outcome variable was total sleep time measured in minutes by the Fitbit Charge 4®.,NA,0,NA,0,0,NA,NA,NA,NA,NA,NA,0
rayyan-416562950,"Chang, GJ and Gunn, HJ and Barber, AK and Lowenstein, LM and Dohan, D and Broering, J and Dockter, T and Tan, AD and Dueck, A and Chow, S and et al.",Improving Surgical Care and Outcomes in Older Cancer Patients Through Implementation of a Presurgical Toolkit (OPTI-Surg)-Final Results of a Phase III Cluster Randomized Trial (Alliance A231601CD),2024,10.1097/SLA.0000000000006458,3,999,999,0,999,The primary outcome was physical function 8 weeks postsurgery as measured by the caloric expenditure scale of the Community Healthy Activities Model Program for Seniors (CHAMPS) questionnaire.,The primary outcome was physical function 8 weeks postsurgery as measured by the caloric expenditure scale of the Community Healthy Activities Model Program for Seniors (CHAMPS) questionnaire.,999,999,0,0,0,999,0,999,1,999,0
rayyan-416562952,"Prachasartta, N and Siriwatana, K and Trachoo, V and Sapwarobol, S and Chantarasinlapin, P",Effects of Oral Nutritional Supplement on Postoperative Orthognathic Surgery Patients' Nutritional Status: a Randomised Clinical Trial,2024,10.2147/JMDH.S493361,2,999,999,0,999,The primary outcome variable was body weight changes.,999,0,0,1,1,0,999,0,999,1,0,0
rayyan-416562953,"Zhang, H and Hu, Y and He, X and Liu, B",Effect of aggressive surgical protocol based on ERAS model on perioperative period of multiple rib fractures,2024,10.1016/j.jrras.2024.100989,999,999,NA,0,NA,999,NA,999,NA,999,999,NA,NA,NA,NA,NA,NA,0
rayyan-416562954,"Dogan, O and Yassa, M and Eren, E and Birol Ilter, P and Tug, N","A randomized, prospective, controlled study comparing uterine preserving laparoscopic lateral suspension with mesh versus laparoscopic sacrohysteropexy in the treatment of uterine prolapse",2024,10.1016/j.ejogrb.2024.03.042,3,999,999,0,999,999,Change from baseline POP-Q measurements (mm) at 12th month.\tProlapse degree; Point Ba/C/Bp\t12 months for each participant,999,999,999,999,0,999,0,999,1,999,0
rayyan-416562957,"Eaton, S and Ganji, N and Thyoka, M and Shahroor, M and Zani, A and Pleasants-Terashita, H and Ghazzaoui, AE and Sivaraj, J and Loukogeorgakis, S and De Coppi, P and et al.",STAT trial: stoma or intestinal anastomosis for necrotizing enterocolitis: a multicentre randomized controlled trial,2024,10.1007/s00383-024-05853-3,3,999,999,0,999,"The primary end point of the study was the duration of parenteral nutrition (days), as this reflects the recovery of intestinal function after NEC and can be affected by complications and/or need for further procedures.","The primary end point of the study was the duration of parenteral nutrition (days), as this reflects the recovery of intestinal function after NEC and can be affected by complications and/or need for further procedures.",0,999,NA,1,0,999,0,999,1,0,0
rayyan-416562958,"Maskal, SM and Ellis, RC and Fafaj, A and Costanzo, A and Thomas, JD and Prabhu, AS and Krpata, DM and Beffa, LRA and Tu, C and Zheng, X and et al.",Open Retromuscular Sugarbaker vs Keyhole Mesh Placement for Parastomal Hernia Repair: a Randomized Clinical Trial,2024,10.1001/jamasurg.2024.1686,1,0,0,0,0,The primary outcome was the superiority of the Sugarbaker technique compared with the keyhole technique with regards to parastomal hernia recurrence at 2 years.,The primary outcome was the superiority of the Sugarbaker technique compared with the keyhole technique with regards to parastomal hernia recurrence at 2 years.,0,0,1,0,1,0,0,1,1,0,0
rayyan-416562962,"Hamid, R and Baba, AA",Comparison of outcome of TIP urethroplasty with or without Buck's Fascia repair,2024,10.1186/s12894-024-01468-x,999,999,NA,0,NA,999,NA,999,NA,999,999,NA,NA,NA,NA,NA,NA,0
rayyan-416562963,"Daboos, M and Abdelmaboud, M and Azab, A and Abdelaziz, M and Eldamanhory, H",Evaluation of Tubularized Incised Plate Urethroplasty with Spongioplasty-Dartosoraphy Reinforcement in Pediatric Hypospadias: a Randomized Controlled Study,2024,10.1055/s-0044-1779277,3,999,999,0,999,"The primary outcome measure was the incidence of postoperative complications such as skin necrosis, urethrocutaneous fistula, glanular dehiscence, disruption, meatal stenosis, urethral stricture, and ventral curvature.","The primary outcome measure was the incidence of postoperative complications such as skin necrosis, urethrocutaneous fistula, glanular dehiscence, disruption, meatal stenosis, urethral stricture, and ventral curvature.",999,999,999,999,0,999,0,999,1,999,0
rayyan-416562966,"Balakrishna, A",Prevention of Post-Operative Delirium in Pediatric General Anesthesia with Sevoflurane using Low Dose Propofol Bolus before Extubation,2024,NA,999,999,NA,0,NA,999,NA,999,NA,999,999,NA,NA,NA,NA,NA,NA,0
rayyan-416562967,"Ismail, TI and Mahrous, RS",Prophylactic cryoprecipitate transfusion in patients undergoing scoliosis surgery: a randomised-controlled trial,2024,10.1177/17504589221132393,3,999,999,0,0,"The primary outcome was the amount of transfused  blood products (pRBCs, concentrated platelets, extra  cryoprecipitate and FFP) during the whole hospital stay.","The primary outcome was the amount of transfused  blood products (pRBCs, concentrated platelets, extra  cryoprecipitate and FFP) during the whole hospital stay.",999,999,0,0,0,999,0,999,1,999,0
rayyan-416562973,"Elhadidi, A and Negm, A and Shouma, A",Comparing stapler and sutured mesh fixation techniques for laparoscopic TAPP repair: a study on chronic groin pain on 3-year follow-up,2024,10.1007/s13304-024-01754-1,999,999,NA,0,NA,999,NA,999,NA,999,999,NA,NA,NA,NA,NA,NA,0
rayyan-416562979,"Markström, I and Falk-Brynhildsen, K and Bachrack-Lindström, M and Hollman Frisman, G and Mernelius, S and Bjerså, K",Impact of postoperative skin disinfection with chlorhexidine on bacterial colonisation following shoulder arthroplasty surgery: a controlled randomised study,2024,10.1016/j.infpip.2024.100365,3,999,999,0,999,999,Bacterial colonization,0,999,1,0,0,999,0,999,1,0,0
rayyan-416562981,"Deepak, S and Nagesh, HA and Dayanand, M and Narasimhamurthy,",Midvastus and Medial Parapatellar Approach in Total Knee Arthroplasty: post‐Operative Clinical Outcome,2024,10.36478/makrjms.2024.11.485.489,999,999,NA,0,NA,999,NA,999,NA,999,999,NA,NA,NA,NA,NA,NA,0
rayyan-416562985,"Karn, AK",ASSESSING THE INFLUENCE OF MINIMALLY INVASIVE SURGICAL TECHNIQUES ON THE RECOVERY AND INCIDENCE OF COMPLICATIONS IN PATIENTS UNDERGOING GENERAL SURGERY,2024,10.47009/jamp.2024.6.2.258,999,999,NA,0,NA,999,NA,999,NA,999,999,NA,NA,NA,NA,NA,NA,0
rayyan-416562993,"Wang, X and Xiong, B and Wu, T and Liu, X and Li, K and Wang, S and Deng, MG and Peng, M",Effect of desflurane maintenance on postoperative sleep quality in patients undergoing elective breast surgery: a non-inferiority randomized controlled trial,2024,10.1016/j.sleep.2024.07.022,3,1,1,1,999,The PSQI score on POD3 was designated as the primary non-inferiority outcome,The PSQI score on POD3 was designated as the primary non-inferiority outcome,0,999,0,1,1,1,1,1,1,0,0
rayyan-416562999,"Wong, HMK and Chen, PY and Tang, GCC and Chiu, SLC and Mok, LYH and Au, SSW and Wong, RHL",Deep Parasternal Intercostal Plane Block for Intraoperative Pain Control in Cardiac Surgical Patients for Sternotomy: a Prospective Randomized Controlled Trial,2024,10.1053/j.jvca.2023.11.038,3,999,999,0,999,The primary outcome was intraoperative opioid consumption and the percentage changes in hemodynamic parameters from baseline within the first 10 minutes of the skin incision for sternotomy.,Opioid consumption,0,999,1,1,0,999,0,999,2,0,0
rayyan-416563012,"Esa, U and Hardy Mohamad Zaini, R and Mazlan, MZ and Omar, AA and Che Omar, S and Rosedi, A",Evaluation of surgical condition during laparoscopic gynaecological surgery in patients with moderate vs. deep neuromuscular block in low-pressure pneumoperitoneum,2024,10.5114/ait.2024.141209,999,999,NA,0,NA,This study’s primary outcome is the difference in  the rate of increasing IAP between groups.,NA,1,NA,0,0,NA,NA,NA,NA,NA,NA,0
rayyan-416563013,"Wei, M and Yang, W and Zhou, J and Ye, Z and Ji, Z and Dong, J and Xu, W",Comparison of AirSeal versus conventional insufflation system for retroperitoneal robot-assisted laparoscopic partial nephrectomy: a randomized controlled trial,2024,10.1007/s00345-024-04819-3,999,999,NA,0,NA,The primary outcome was the rate of SCE assessed by  the surgeon at the end of the operation.,NA,0,NA,0,1,NA,NA,NA,NA,NA,NA,0
rayyan-416563016,"Niu, S and Ao, L and Gao, Y and Zhou, F and He, W and Tao, J and Guo, S and Wang, B and Ai, X and Li, H and et al.",Suitability of the MP1000 Platform for Robot-assisted Prostatectomy: a Prospective Randomised Controlled Trial,2024,10.1016/j.euros.2024.02.017,3,999,999,0,999,"The primary outcome was the operative success rate, which was reported using descriptive statistics.","The primary outcome was the operative success rate, which was reported using descriptive statistics.",999,999,0,0,0,999,0,999,1,999,0
rayyan-416563017,"Hanafy, DA and Muroso, KK and Sugisman, S and Soetisna, TW and Tjubandi, A and Wartono, DA and Herlambang, B and Busro, PW",Efficacy of Sternum Guard vs. bone wax in post-cardiac surgery patients: a randomized controlled trial,2024,10.23736/S0021-9509.24.13042-X,3,999,0,0,999,999,"The primary outcomes of this study comprised of four parameters; namely surgical site infection (superficial or deep infection), sternal dehiscence, hemostatic effect, and surgeon's satisfaction rate.""},{""text"":""discordance with trial",999,999,999,999,1,0,0,1,1,999,0
rayyan-416563018,"Maurya, RK and Saxena, N and Sharma, S and Agrawal, S",A COMPARATIVE STUDY OF DESARDA REPAIR AND LICHTENSTEINS (MESH) REPAIR FOR INGUINAL HERNIA,2024,10.47009/jamp.2024.6.3.122,999,999,NA,0,NA,999,NA,999,NA,999,999,NA,NA,NA,NA,NA,NA,0
rayyan-416563020,"Kumar, S and Bugalia, RP and Meena, J",Prospective Study of Role of Multimodal Perioperative Management Protocol in Colorectal Cancer Surgery,2024,10.48047/jcdr.2024.15.03.100,999,999,NA,0,NA,999,NA,0,NA,999,999,NA,NA,NA,NA,NA,NA,0
rayyan-416563029,"Liu, Q and Li, M and Gao, Y and Jiang, T and Han, B and Zhao, G and Lin, C and Lau, WY and Zhao, Z and Liu, R","Effect of robotic versus open pancreaticoduodenectomy on postoperative length of hospital stay and complications for pancreatic head or periampullary tumours: a multicentre, open-label randomised controlled trial",2024,10.1016/S2468-1253(24)00005-0,2,999,0,0,0,"The primary outcome was the postoperative length of  hospital stay, which was defined as the number of nights  spent in the hospital from end of surgery to either being  discharged home or to in-hospital death, and was centrally  assessed.","The primary outcome was the postoperative length of  hospital stay, which was defined as the number of nights  spent in the hospital from end of surgery to either being  discharged home or to in-hospital death, and was centrally  assessed.",0,0,1,1,1,0,0,1,1,0,0
rayyan-416563031,"Payne, DR and Vinson, J and Powers, J and McDaniel, BT and Sevier, C and Marshall, C and Sell, S",Effect of Weighted Blanket Versus Traditional Practices on Anxiety and Pain in Patients Undergoing Elective Surgery: a Multicenter Randomized Controlled Trial,2024,10.1002/aorn.14146,999,999,NA,0,NA,999,NA,999,NA,999,999,NA,NA,NA,NA,NA,NA,0
rayyan-416563032,"Pochhammer, J and Ibald, C and Weller, MP and Schäffer, M","Retromuscular, periprosthetic drainage after hernioplasty with sublay mesh reinforcement in ventral hernias results in less retromuscular fluid collections but longer hospital stay and analgetic use with unclear effect on clinical outcome - a randomized controlled trial",2024,10.1007/s00423-024-03522-6,3,999,999,0,999,"The primary endpoints were sonographically measured volumes of fluid collections, hematoma or seroma in the retromuscular space, behind the linea alba and anterior rectus  sheath (retromuscular fluid collection, RFC).","The primary endpoints were sonographically measured volumes of fluid collections, hematoma or seroma in the retromuscular space, behind the linea alba and anterior rectus  sheath (retromuscular fluid collection, RFC).""},{""text"":""see DRKS00008956 not DRKS00008856",1,999,1,1,0,999,0,999,2,1,0
rayyan-416563034,"Bang, YJ and Lee, EK and Jeong, H and Kang, R and Ko, JS and Hahm, TS and Seong, YJ and Lee, YY and Jeong, JS",Analgesic efficacy of erector spinae plane block in patients undergoing major gynecologic surgery: a randomized controlled study,2024,10.1016/j.jclinane.2023.111362,3,999,999,0,999,The primary outcome was cumulative opioid  consumption 24 h after surgery.,The primary outcome was cumulative opioid  consumption 24 h after surgery.,1,999,0,0,0,999,0,999,1,1,0
rayyan-416563035,"Elbardan, IM and Abdelkarime, EM and Elhoshy, HS and Mohamed, AH and ElHefny, DA and Bedewy, AA",Comparison of Erector Spinae Plane Block and Pectointercostal Facial Plane Block for Enhanced Recovery After Sternotomy in Adult Cardiac Surgery,2024,10.1053/j.jvca.2023.12.006,3,999,999,0,999,The primary outcome was the time until extubation in the intensive care unit (ICU).,The primary outcome measure will be the analgesic effectiveness of both blocks in median sternotomy pain,1,999,0,0,0,999,0,999,2,1,0
rayyan-416563037,"Zhan, Y and Li, L and Chen, S and Peng, Y and Zhang, Y",Randomized clinical trial of continuous transversus thoracis muscle plane block for patients undergoing open heart valve replacement surgery,2024,10.1111/jcmm.18184,3,999,999,0,999,999,Pain after 72 hours,999,999,0,1,0,999,0,999,1,999,0
rayyan-416563038,"Aydogdu, YF and Kubat, Ö and Büyükkasap, Ç and Göbüt, H and Dikmen, K","A new approach to mesh fixation in laparoscopic transabdominal technique, ""suture passer"", superior or not?",2024,10.1007/s13304-024-01998-x,999,0,NA,0,NA,"999""},{""text"":""For the study, we considered reduction of postoperative pain as our primary goal.",NA,999,NA,0,1,NA,NA,NA,NA,NA,NA,0
rayyan-416563041,"Meshkati Yazd, SM and Shahriarirad, R and Keramati, MR and Fallahi, M and Nourmohammadi, SS and Kazemeini, A and Fazeli, MS and Keshvari, A","Comparison of hand-sewn anterior repair, resection and hand-sewn anastomosis, resection and stapled anastomosis techniques for the reversal of diverting loop ileostomy after low anterior rectal resection: a randomized clinical trial",2024,10.1007/s10151-023-02898-9,999,0,NA,0,NA,999,NA,0,NA,999,999,NA,NA,NA,NA,NA,NA,0
rayyan-416563042,"Demir, AZ and Özgök, A and Balci, E and Karaca, OG and Simsek, E and Günaydin, S",Preoperative ultrasound-guided bilateral thoracic erector spinae plane block within an enhanced recovery program is associated with decreased intraoperative lactate levels in cardiac surgery,2024,10.1177/02676591221140754,3,0,999,0,999,999,999,1,999,999,999,1,0,0,1,0,1,0
rayyan-416563043,"Núñez, MDRR and Engel, FD and Cardoso, M and Castro, RG and Montoya, JAG and de Mello, ALSF",Oral Hygiene Prior to Cardiac Surgery to Prevent Infections: randomized Clinical Trial,2024,10.1111/idh.12661,3,999,999,0,999,"The primary outcome measure was presence of infection of the surgical wound, respiratory infection, urinary tract infection, digestive  infection and sepsis (yes or no for all of them).","The primary outcome measure was presence of infection of the surgical wound, respiratory infection, urinary tract infection, digestive  infection and sepsis (yes or no for all of them).",1,999,1,0,0,999,0,999,1,1,0
rayyan-416563044,"Altun, D and Özkan-Seyhan, T and Canbaz, M and Aydemir, L and Altun, D and Gökduman, HC and Çamci, E","The effect of pharyngeal packing on gastric volume in patients undergoing nasal surgery: a randomised, controlled trial",2024,10.1017/S0022215123001032,3,999,999,0,999,999,The crosssectional area (ACSA) (Postoperative) (mm2) (Postoperative),1,999,0,1,0,999,0,999,1,1,0
rayyan-416563045,"Silva, TRA and Ono, JN and Miname, FCBR and Gowdak, LHW and Mioto, BM and Santos, RBD and Dallan, LRP and Machado Cesar, LA",Benefits of using a support bra in women undergoing coronary artery bypass graft surgery: a randomized trial,2024,10.1016/j.clinsp.2024.100370,3,999,999,0,999,The primary objective of this study was to compare the incidence of chest pain in women undergoing coronary artery bypass grafting with and without breast support.,The primary objective of this study was to compare the incidence of chest pain in women undergoing coronary artery bypass grafting with and without breast support.,0,999,0,0,0,999,0,999,1,0,0
rayyan-416563046,"Du, Q and Chen, B and Zhang, X and He, H and Qin, X and Li, L and Du, J and He, X and Xu, S and Xiaojie, H",Effects of patient-based self-assessed fatigue intervention on early postoperative ambulation following gynaecological oncology surgery: a randomised controlled non-inferiority trial,2024,10.1136/bmjopen-2023-078461,1,1,1,1,1,"The primary outcome measure was the patient-reported  time to first flatus, rounded to two decimal points for  precision.","The primary outcome measure was the patient-reported  time to first flatus, rounded to two decimal points for  precision.",0,0,0,1,1,1,1,1,1,0,0
rayyan-416563051,"Hwang, WY and Jeon, MJ and Suh, DH",Minimally invasive sacrohysteropexy versus vaginal hysterectomy with uterosacral ligament suspension for pelvic organ prolapse: a prospective randomized non-inferiority trial,2024,10.1016/j.jmig.2024.01.018,3,1,999,1,999,The primary outcome was prolapse recurrence 1 year after surgery.,The primary outcome was prolapse recurrence 1 year after surgery.,0,999,0,1,1,1,1,1,1,0,0
rayyan-416563052,"Catelli, C and D'Alessandro, M and Mathieu, F and Addamo, E and Franchi, F and Paladini, P and Luzzi, L",Clinical and biological effects of different energetic surgical devices currently used for mini-invasive anatomical lung resections for the treatment of NSCLC: a prospective interventional study,2024,10.1007/s00464-024-11014-3,999,999,NA,0,NA,999,NA,999,NA,999,999,NA,NA,NA,NA,NA,NA,0
rayyan-416563053,"Jin, L and Yu, Y and Miao, P and Huang, YH and Yu, SQ and Guo, KF","Effect of Continuous Erector Spinae Plane Block on Postoperative Recovery in Patients Undergoing Minimally Invasive Cardiac Surgery: a Prospective, Randomized Controlled Clinical Trial",2024,10.1007/s11596-024-2593-4,3,999,999,0,999,"The objective of this prospective randomized,  double-blind, placebo-controlled trial was to measure  the quality of recovery (QoR-15 score) as the primary outcome in patients who underwent elective minimally  invasive cardiac surgery as an exploration and a foundation for future trials.","The objective of this prospective randomized,  double-blind, placebo-controlled trial was to measure  the quality of recovery (QoR-15 score) as the primary outcome in patients who underwent elective minimally  invasive cardiac surgery as an exploration and a foundation for future trials.",0,999,1,1,0,999,0,999,1,0,0
rayyan-416563054,"Wenzelberg, CL",REDUCED INCISIONAL HERNIA INCIDENCE AFTER COLORECTAL CANCER SURGERY- THE REIN4CETO1 RANDOMIZED CONTROLLED TRIAL,2024,10.1093/bjs/znae122.106,3,999,999,0,999,The primary aim was to compare the CT-diagnosed incidence of  incisional hernia at 12 ± 3 months after surgery between the  study groups.,The primary aim was to compare the CT-diagnosed incidence of  incisional hernia at 12 ± 3 months after surgery between the  study groups.,0,999,0,1,0,999,0,999,1,0,0
rayyan-416563061,"Gupta, KL and Singh, VK",COMPARISON OF OPEN AND ARTHROSCOPIC SURGICAL MANAGEMENT FOR RECURRENT ANTERIOR SHOULDER INSTABILITY: a PROSPECTIVE STUDY,2024,10.4807/jcdr.2024.15.02.235,999,999,NA,0,NA,999,NA,999,NA,999,999,NA,NA,NA,NA,NA,NA,0
rayyan-416563063,"Nikita, and Bharti, S and Prasad, S",To Compare the Pain-Relieving Effectiveness of Butorphanol and Fentanyl in Different Surgical Procedures,2024,NA,999,999,NA,0,NA,999,NA,999,NA,999,999,NA,NA,NA,NA,NA,NA,0
rayyan-416563071,"Kocaturk, S and Gur, ZB and Gursoytrak, B",Can Verbal Interview Decrease Preoperative Anxiety and Postoperative Discomfort in Oral and Maxillofacial Surgery Patients?: a Randomized Clinical Trial,2024,10.1016/j.joms.2024.06.178,999,999,NA,0,NA,The primary outcome variable was preoperative anxiety.,NA,0,NA,0,1,NA,NA,NA,NA,NA,NA,0
rayyan-416563072,"Sun, TT and Chen, KX and Tao, Y and Zhang, GW and Zeng, L and Lin, M and Huang, J and Hu, Y",Effect of flow-optimized pressure control ventilation-volume guaranteed (PCV-VG) on postoperative pulmonary complications: a consort study,2024,10.1186/s13019-024-02881-x,3,0,999,999,999,The primary outcomes measurements were incidence  of atelectasis immediately after surgery.,Postoperative Pulmonary Complication,0,999,0,0,1,0,999,999,2,0,0
rayyan-416563073,"Ros-Nebot, B and Rodiera-Olivé, J and Verdera-Roig, M and Tril-Queralt, C and Pradas-Abadía, A and Julián-González, S and Falcó-Pegueroles, A",Cognitive Training to Reduce Memory Disturbance Associated With Postoperative Cognitive Impairment After Elective Noncardiac Surgery: an Experimental Study,2024,10.1016/j.jopan.2023.10.016,999,999,NA,0,NA,999,NA,999,NA,999,999,NA,NA,NA,NA,NA,NA,0
rayyan-416563077,"Oksar, M and Kalaci, A and Turhanoglu, S",Transcutaneous electrical nerve stimulation for reducing postoperative acute pain after hip fracture surgery: a double-blinded randomized clinical trial,2024,10.26355/eurrev_202404_35907,3,999,999,0,999,"Outcome parameters in this study, the primary  outcome was analgesic effectiveness, measured  using the VAS scores, and total opioid analgesic  consumption.",Postoperative pain intensity is assessed using VAS for pain postoperatively at 48h,999,999,999,999,0,999,0,999,2,999,0
rayyan-416563080,"Lin, L and Peng, Y and Huang, X and Li, S and Chen, L and Lin, Y",A family intervention to prevent postoperative delirium in patients undergoing cardiac valve surgery: a randomized controlled study,2024,10.1016/j.hrtlng.2023.09.002,3,999,999,0,999,The primary outcome was the incidence of delirium during the first 7  days post-surgery.,The primary outcome was the incidence of delirium during the first 7  days post-surgery.,0,999,1,1,0,999,0,999,1,0,0
rayyan-416563084,"Perez, HA and Pannu, JS and Frank, E and Adebowale, A and Hebert, S and Watson, W and Lao, W and Tian, S and Kidd, S and Lee, S and et al.",Patient Satisfaction with Nonopioid Postoperative Analgesia in Head and Neck Surgery: a Prospective Randomized Trial,2024,10.1002/ohn.885,3,0,999,999,999,The primary outcome measure for the study was patient satisfaction as noted in the PAIN OUT,The primary outcome measure for the study was patient satisfaction as noted in the PAIN OUT,0,999,1,0,1,0,999,999,1,0,0
rayyan-416563085,"Irum, S and Saleem, S and Bano, A and Irum, S and Fatima, K",ASSESSMENT OF POSTOPERATIVE ANALGESIC EFFECT OF RECTUS SHEATH BLOCK IN GYNECOLOGICAL LAPAROSCOPIC SURGERY,2024,10.55519/JAMC-03-13719,999,999,NA,0,NA,999,NA,999,NA,999,999,NA,NA,NA,NA,NA,NA,0
rayyan-416563088,"Silva, LCMA and Dos Santos, KVG and Dos Santos, JJS and Camara, RPPOA and Bezerra, E Silva SY and Silva, HMMD and Ribeiro, KRB and Dantas, DV and Dantas, RAN",Efficacy of aromatherapy with Lavandula angustifolia oil on postoperative pain after cardiac surgery: a randomized clinical trial,2024,10.1016/j.explore.2024.103034,3,999,999,0,999,999,"Pain relief after inhaling the essential oil of Lavandula angustifolia is observed through the reduction of scores in the following scales: Visual Numerical Scale - EVN; Visual Analog Scale – VAS; Pain Assessment Scale - Wong Baker, in patients after cardiac surgery. The scale to be chosen will depend on the specific patient",1,999,1,999,0,999,0,999,1,1,0
rayyan-416563089,"Nam, SW and Do, SH and Hwang, JW and Park, I and Hwang, I and Na, HS",Effects of opioid-sparing general anesthesia on postoperative nausea and vomiting in laparoscopic gynecological surgery,2024,10.4097/kja.24336,3,999,999,0,999,The primary outcome measure was the incidence of PONV.,The primary outcome measure was the incidence of PONV.,0,999,0,0,0,999,0,999,1,0,0
rayyan-416563091,"Imran, M and Din, B and Ehsan, Z and Hameed, J and Khattak, AH and Baseer, A",Comparison of Thoracic Epidural and Paravertebral Block for Postoperative Pain Control in Patients with Thoracotomy,2024,10.60110/medforum.350209,999,999,NA,0,NA,999,NA,999,NA,999,999,NA,NA,NA,NA,NA,NA,0
rayyan-416563092,"Kowalski, G and Domagalska, M and Slowinski, K and Grochowicka, M and Zawadzki, M and Kropinska, S and Leppert, W and Wieczorowska-Tobis, K","Morphine (10, 20 mg) in a Postoperative Dressing Used with Patients After Surgical Debridement of Burn Wounds: a Prospective, Double-Blinded, Randomized Controlled Trial",2024,10.1089/wound.2023.0037,999,999,NA,0,NA,999,NA,0,NA,999,999,NA,NA,NA,NA,NA,NA,0
rayyan-416563099,"Greig, D and Sun, CA and McBride, D and Young, B and Klomhaus, A and Swaroop, VT and Thompson, RM",Efficacy of a Multimodal Surgical Site Injection for Postoperative Pain Control in Pediatric Patients With Cerebral Palsy Undergoing Hip Reconstruction: a Randomized Controlled Trial,2024,10.1097/BPO.0000000000002779,3,999,999,0,999,"The primary outcome measure was narcotic consumption, converted into morphine equivalents per kilogram (mEQ/kg) (Table 1).","The primary outcome measure was narcotic consumption, converted into morphine equivalents per kilogram (mEQ/kg) (Table 1).",1,999,1,1,0,999,0,999,1,1,0
rayyan-416563105,"Kumar, SM and Anandhi, A and Sureshkumar, S and Keerthi, AR and Raja, K and Jha, AK and Bobby, Z and Kate, V","Effect of preoperative oral carbohydrate loading on postoperative insulin resistance, patient-perceived well-being, and surgical outcomes in elective colorectal surgery: a randomized controlled trial",2024,10.1016/j.gassur.2024.07.027,3,0,999,0,999,The primary endpoint was the effect of POCL on postoperative IR  and insulin sensitivity index between the 2 groups.,The primary endpoint was the effect of POCL on postoperative IR  and insulin sensitivity index between the 2 groups.,0,999,0,1,1,0,0,1,1,0,0
rayyan-416563107,"Mogahed, MM and Abd El-Ghaffar, MS and Elkahwagy, MS",Bilateral Ultrasound-Guided Erector Spinae Plane Block for Management of Acute Postoperative Surgical Pain After Pediatric Cardiac Surgeries Through a Midline Sternotomy,2024,10.4103/aca.aca_210_23,3,999,999,0,999,The primary outcome was the time to the first rescue  analgesia (measured after extubation) (defined as the time  between extubation and a MOPS[11] or NRS[12] score ≥4).,Modified Objective Pain Score (MOPS)0 at different times,0,999,0,1,0,999,0,999,2,0,0
rayyan-416563108,"Kamiyama, A and Takazawa, T and Matsui, Y and Nagumo, K and Arai, S and Saito, S",Investigation of the optimal method of oxygen administration with simultaneous use of a surgical mask in postoperative patients: a randomized cross-over study,2024,10.1186/s40981-024-00741-0,3,999,999,0,999,"The primary endpoint was PaO2 level five minutes after  the change in oxygen delivery method,","The primary endpoint was PaO2 level five minutes after  the change in oxygen delivery method,",0,999,0,0,0,999,0,999,1,0,0
rayyan-416563109,"Yadav, S and Raman, R and Prabha, R and Kaushal, D and Yadav, P and Kumar, S",Randomized Controlled Trial of Ultrasound-Guided Parasternal Intercostal Nerve Block and Transversus Thoracis Muscle Plane Block for Postoperative Analgesia of Cardiac Surgical Patients,2024,10.7759/cureus.72174,3,999,999,0,999,The primary outcome variable of our study was the total amount of fentanyl used 24 hours after the end of surgery.,The primary outcome variable of our study was the total amount of fentanyl used 24 hours after the end of surgery.,0,999,0,1,0,999,0,999,1,0,0
rayyan-416563112,"Yu, G and Jin, S and Chen, J and Xie, H and Jin, S and Chen, Y and Song, X","Comparison of postoperative analgesia in children following ropivacaine and lidocaine surgical field infiltration with epinephrine for cleft palate repair: a double-blinded, randomized controlled trial",2024,10.1016/j.jormas.2024.101762,3,999,999,0,999,The primary outcome measure in this study was the average FLACC score within 48h after the operation.,The primary outcome measure in this study was the average FLACC score within 48h after the operation.,0,999,0,1,0,999,0,999,1,0,0
rayyan-416563113,"Galvaing, G and Bussières, J and Simard, S and Couture, EJ and Cournoyer, C and Conti, M and Lacasse, Y and Laliberté, AS",Impact of Surgical Positioning on the Occurrence of Postoperative Ipilateral Shoulder Pain After Lung Resection by Video-Assisted Thoracoscopy: a Randomized Trial,2024,10.1053/j.jvca.2023.12.022,3,999,999,0,999,The primary outcome was the incidence of ISP in the PACU with a supported-arm compared to a suspended-arm position after lung cancer resection by VATS.,The primary outcome was the incidence of ISP in the PACU with a supported-arm compared to a suspended-arm position after lung cancer resection by VATS.,0,999,0,0,0,999,0,999,1,0,0
rayyan-416563122,"Wang, M and Luo, H and Chu, W and Bangura, ML","3D Printing and Development of Optimized and Accurate, Personalized Surgical Plans for Complex Pelvic and Acetabular Fractures",NA,NA,999,999,NA,0,NA,999,NA,999,NA,999,999,NA,NA,NA,NA,NA,NA,0
rayyan-416563140,"Rivas, AS-TD and Minguell, CA and Gispert, LP and Gondolbeu, AM and Marti, MB and Calvet, PF",Evaluation of the applicability of the LANT (Local Anesthesia No Tourniquet) technique in the osteosynthesis of distal radius fractures (DRF),2024,10.1055/s-0044-1793922,3,999,999,0,999,999,999,999,999,999,999,0,999,0,999,0,999,0
rayyan-416563141,"Alaskarov, E","Comparison of classical, coblation, and combined adenoidectomy techniques in paediatric patients: a single-blind, prospective study",2024,10.1007/s00405-024-08617-w,999,999,NA,0,NA,999,NA,999,NA,999,999,NA,NA,NA,NA,NA,NA,0
rayyan-416563144,"Nada, MAM and Awad, PBA and Kirollos, AMA and Abdelaziz, MM and Mohamed, KMS and Awad, KBA and Hassan, BHA",Comparison between stapled hemorrhoidopexy and harmonic scalpel hemorrhoidectomy in the management of third- and fourth-degree piles: a randomized clinical trial,2024,10.1007/s00104-023-02010-9,999,999,NA,0,NA,999,NA,999,NA,999,999,NA,NA,NA,NA,NA,NA,0
rayyan-416563155,"Jenko, M and Mencin, K and Novak-Jankovic, V and Spindler-Vesel, A",Influence of different intraoperative fluid management on postoperative outcome after abdominal tumours resection,2024,10.2478/raon-2024-0015,3,999,999,0,999,"The present study tests the hypothesis that intraoperative multimodal monitoring with hemodynamic optimisation and maintenance of optimal cerebral oxygenation reduces the rate of postoperative complications. Furthermore, multimodal  monitoring can reduce the duration of hospitalisation in patients undergoing major abdominal surgery.",We are trying to prove that the protocol group will have a reduced hospital stay of 2 days,1,999,0,0,0,999,0,999,2,1,0
rayyan-416563157,"Patro, S and Nayak, J and Panda, AP and Ludam, RK",To Ascertain Whether Postoperative Antibiotics are Necessary in Cases of Nonperforated Appendicitis Following a Laparoscopic Appendectomy,2024,10.48047/jcdr.2024.15.09.206,999,999,NA,0,NA,999,NA,999,NA,999,999,NA,NA,NA,NA,NA,NA,0
rayyan-416563255,"Boeckxstaens, G and Ayad, S and Dukes, G and Essandoh, M and Gryder, R and Kamble, P and Tackett, J and Thakker, P and Williams, J and Zhang, Y and et al.",A randomized phase 2 study of the 5-HT4 receptor agonist felcisetrag for postoperative gastrointestinal dysfunction after bowel surgery,2024,10.1016/j.amjsurg.2024.04.030,2,999,0,0,0,"The primary endpoint for the study was time from end of surgery to recovery of upper and lower GI function, the criteria for which were time to tolerance of solid food (defined as first occurrence of the intake of solid foods without vomiting or clinically significant nausea for 1 day after a solid meal) and time to first spontaneous bowel movement (defined as a stool not induced by the use of enemas or laxatives), whichever occurred later, up to 10 days after surgery.","The primary endpoint for the study was time from end of surgery to recovery of upper and lower GI function, the criteria for which were time to tolerance of solid food (defined as first occurrence of the intake of solid foods without vomiting or clinically significant nausea for 1 day after a solid meal) and time to first spontaneous bowel movement (defined as a stool not induced by the use of enemas or laxatives), whichever occurred later, up to 10 days after surgery.",999,0,1,0,1,0,0,1,1,0,0
rayyan-416563272,"Kannan, AV and Reddy, RK and Jalaja, KR and Murthy, HS and Pramod, A and Ameen, AM",A Comparison Between the Clinical EJicacy of BASKA Mask and I-Gel for Surgical Procedures Under General Anaesthesia,2024,NA,999,999,NA,0,NA,The primary outcome was to measure the first-time insertion  success rate and the number of attempts required for successful placement of the device.,NA,0,NA,0,0,NA,NA,NA,NA,NA,NA,0
rayyan-416563339,"Kumar, S and Singh, HD and Kumar, B and Kumar, S",To Determine the Efficacy of Postoperative Analgesia in Paravertebral Block and Spinal Anesthesia in Unilateral Inguinal Hernia,2024,NA,999,999,NA,0,NA,999,NA,999,NA,999,999,NA,NA,NA,NA,NA,NA,0
rayyan-416563355,"Terranova, C and Schiavoni, L and Ficarola, F and Plotti, F and De Cicco Nardone, C and Montera, R and Lotierzo, M and Bartolone, M and Pascarella, G and Mattei, A and et al.",THE ROLE OF TAP/RS BLOCK IN MINOR GYNECOLOGIC LAPAROSCOPIC SURGERY: a RANDOMIZED CLINICAL TRIAL,2024,10.1159/000535835,3,999,999,0,999,"The primary outcome of the study is to assess postoperative pain reduction, using the numeric pain rating scale (NRS).","postoperative pain in the first 72 hours after gynecological surgical procedures, analgesic consumption in the first 72 hours after gynecological surgical procedures",0,999,1,1,0,999,0,999,2,0,0
rayyan-416563356,"Xu, HT and Zimmerman, J and Bertoch, T and Chen, L and Chen, PJ and Onel, E","CPL-01, an investigational long-acting ropivacaine, demonstrates safety and efficacy in open inguinal hernia repair",2024,10.1007/s10029-024-03047-3,3,999,999,0,999,The primary efficacy endpoint was  the mean area under the curve (AUC) of the NRS-A pain  intensity scores from 0–72 h (AUC0-72) of CPL-01 compared  to pooled placebo.,The primary efficacy endpoint was  the mean area under the curve (AUC) of the NRS-A pain  intensity scores from 0–72 h (AUC0-72) of CPL-01 compared  to pooled placebo.,999,999,1,0,0,999,0,999,1,999,0
rayyan-416563497,"Tierney, J and Harrison, E and Hodge, JC and Carney, AS",Coblation versus BiZact extra-capsular tonsillectomy in adults: a randomized control trial,2024,10.1111/ans.19007,3,1,999,0,0,Pain scores were collected for 14 days postoperatively using a 10 cm linear visual analogue pain scale (VAS) in which participants marked their average pain each day postoperatively from ‘no pain’ to ‘pain as bad as it could possibly be’ (Doc S1).,Pain scores were collected for 14 days postoperatively using a 10 cm linear visual analogue pain scale (VAS) in which participants marked their average pain each day postoperatively from ‘no pain’ to ‘pain as bad as it could possibly be’ (Doc S1).,0,1,1,999,1,1,0,0,1,2,0
rayyan-416563507,"Volkov, SN and Pushkar, DYu and Kolontarev, KB and Stepanchenko, VS and Tereshchenko, VI and Dzharimok, AR and Shevyakina, AE and Daurov, MA",The severity of lower urinary tract symptoms during the postoperative period as a factor in choosing an approach to surgical treatment for large prostate hyperplasia: holmium enucleation of the prostate (HoLEP) vs laparoscopic simple prostatectomy,2024,10.21886/2308-6424-2024-12-2-5-14,999,999,NA,0,NA,999,NA,999,NA,999,999,NA,NA,NA,NA,NA,NA,0
rayyan-416563552,"Lv, X and Hou, A and Han, S and Cao, J and Lou, J and Li, H and Min, S and Tan, H and Li, S and Lv, F and et al.",Effect of perioperative rehabilitation exercise on postoperative outcomes in patients aged ≥65 years undergoing gastrointestinal surgery: a multicenter randomized controlled trial,2024,10.1016/j.jclinane.2024.111670,3,999,999,0,999,"The primary outcome was the Comprehensive Complications Index (CCI), which integrates the severity of all postoperative complications on a continuous scale ranging from 0 (no complications) to 100 (death due to complications).","The primary outcome was the Comprehensive Complications Index (CCI), which integrates the severity of all postoperative complications on a continuous scale ranging from 0 (no complications) to 100 (death due to complications).",0,999,1,1,0,999,0,999,1,0,0
rayyan-416563556,"Calabrese, M and Arlotta, G and Antoniucci, ME and Montini, L and Giannarelli, D and Taccheri, T and Corsi, F and De Paulis, S and Scapigliati, A and Bevilacqua, F and et al.",Flurbiprofen in the subglottic space to prevent postoperative sore throat after cardiac surgery: a randomized double-blind study,2024,10.1016/j.jclinane.2024.111418,3,999,999,0,999,The primary outcome of the study was to evaluate the effect of  topical flurbiprofen administered through the subglottic port of the  tracheal tube to prevent post-operative sore throat (POST).,The primary outcome of the study was to evaluate the effect of  topical flurbiprofen administered through the subglottic port of the  tracheal tube to prevent post-operative sore throat (POST).,0,999,0,1,0,999,0,999,1,0,0
rayyan-416563591,"Urhan, G and Demirel, I and Deniz, A and Aksu, A and Altun, AY and Bolat, E and Bestas, A and Altuntas, G",Comparison of Dynamic Measures in Intraoperative Goal-Directed Fluid Therapy of Patients with Morbid Obesity Undergoing Laparoscopic Sleeve Gastrectomy,2024,10.1007/s11695-024-07154-z,999,999,NA,0,NA,999,NA,999,NA,999,999,NA,NA,NA,NA,NA,NA,0
rayyan-416563640,"Virdi, GS and Bansal, K and Singh, M and Anmol, and Singh, J and Bahadur, R",To Assess The Efficacy Of Intrawound Application Of Vancomycin Powder With Systemic Cefuroxime (Postoperatively) On Post Operative Wound Infection In Spine Surgery With Metallic Implant Fixation,2024,NA,999,999,NA,0,NA,999,NA,999,NA,999,999,NA,NA,NA,NA,NA,NA,0
rayyan-416564055,"Lv, H and Jiang, X and Huang, X and Wang, W and Wu, B and Yu, S and Lan, Z and Zhang, L and Lao, Y and Guo, J and et al.",Nitroglycerin versus milrinone for low central venous pressure in patients undergoing laparoscopic hepatectomy: a double-blinded randomized controlled trial,2024,10.1186/s12871-024-02631-5,3,999,999,0,999,The primary outcome was the difference in blood loss  between the milrinone group and the nitroglycerin group  during the surgery.,"Intraoperative blood loss, Allogeneic blood transfusion, Grade of surgical field",1,999,0,1,0,999,0,999,2,1,0
rayyan-416564056,"Mammo, TN and Feyssa, MD and Nofal, MR and Gebeyehu, N and Shiferaw, MA and Tesfaye, A and Fikre, T and Woldeamanuel, H and Alemu, SB and Miller, K and et al.",A Perioperative Quality Improvement Program for Cesarean Delivery in Ethiopia: a Stepped-Wedge Cluster Randomized Clinical Trial,2024,10.1001/jamanetworkopen.2024.28910,2,999,999,0,0,The primary end point of the trial was SSI within 30 days of CD,The primary end point of the trial was SSI within 30 days of CD,0,0,0,0,0,999,0,999,1,0,0
rayyan-416564057,"Elshazly, WG and Abo Elros, MA and Ali, AS and Radwan, AM",Randomized Controlled Trial to Compare Stapled Hemorrhoidopexy Plus Ligation Anopexy With Stapled Hemorrhoidopexy for Managing Grade III and IV Hemorrhoidal Disease,2024,10.1097/DCR.0000000000003273,3,999,999,0,999,"The primary outcome measures were hemorrhoidal  disease recurrence, quality of life, and satisfaction after a  minimum of 2 years of follow-up",999,0,999,0,1,0,999,0,999,1,0,0
