article_id,author,title,doi,pretrial_document_type,RCT_aim_trial,protocol_aim_trial,RCT_design_aim,protocol_design_aim,RCT_primary_endpoint,protocol_primary_endpoint,RCT_sample_size,protocol_sample_size,RCT_clinical_discussion_interpretation,final_publication_significant_results,condordance_aim,consensus_aim_trial,consensus_design_aim,condordance_design_aim,condordance_primary_endpoint,condordance_sample_size,outcome
10,"Yu, Y.; Liang, R.; Xue, Y.; Li, D.; Li, S.; Xia, S.; Sun, J.; Luo, J.; Chen, H.; Qin, J.; Li, Y.; Wang, Z.","Mechanical bowel preparation versus no bowel preparation for oesophageal cancer surgery: a multicentre, randomized, parallel, open-labelled trial
",10.1093/ejcts/ezaf182,3,1,999,1,999,The primary outcome was the incidence of major complications during or within 30 days after surgery.,The primary outcome was the incidence of major complications during or within 30 days after surgery.,0,0,0,1,1,1,1,1,1,0,0
28,"Lv, X.; Hou, A.; Han, S.; Cao, J.; Lou, J.; Li, H.; Min, S.; Tan, H.; Li, S.; Lv, F.; Zhou, Z.; Chi, M.; Zhang, H.; Liu, Y.; Mi, W.","Effect of perioperative rehabilitation exercise on postoperative outcomes in patients aged ≥65 years undergoing gastrointestinal surgery: A multicenter randomized controlled trial
",10.1016/j.jclinane.2024.111670,3,999,999,0,999,The primary outcome was the Comprehensive Complications Index (CCI) measured at 30 days after surgery.,The primary outcome was the Comprehensive Complications Index (CCI) measured at 30 days after surgery.,0,999,0,1,0,999,0,999,1,0,0
34,"Kaya, C.; Dost, B.; Turunc, E.; Ustun, Y.B.; Kibar, A.N.; Cebeci, H.; De Cassai, A.; Elsharkawy, H.","Unilateral subcostal anterior quadratus lumborum block versus intrathecal morphine for postoperative pain in laparoscopic nephrectomy: A randomized controlled trial
",10.1136/rapm-2025-106844,3,1,1,1,999,"Primary outcome
The 24hours cumulative intravenous MME consumption was calculated from when patients regained consciousness and could communicate in the PACU.","Primary outcome
The 24hours cumulative intravenous MME consumption was calculated from when patients regained consciousness and could communicate in the PACU.",0,999,0,0,1,1,1,1,1,0,0
42,"López-Hernández, A.; Gimeno-Santos, E.; Navarro-Ripoll, R.; Arguis, M.J.; López-Baamonde, M.; Sanz-De La Garza, M.; Sandoval, E.; Castellà, M.; Martínez-Palli, G.","Multimodal prehabilitation as a strategy to reduce postoperative complications in cardiac surgery: A randomised controlled trial
",10.1097/EJA.0000000000002236,1,999,999,0,0,The primary outcome of this study was the number of patients with postoperative complications before patient discharge from the hospital,The primary outcome of this study was the number of patients with postoperative complications before patient discharge from the hospital,0,0,0,0,0,999,0,999,1,0,0
43,"Danielsson, J.; Andersson, M.; Nygren-Bonnier, M.; Thorell, A.; Soop, M.; Sturesson, C.; Egenvall, M.; Rydwik, E.","Effect of preoperative exercise on postoperative complications after colorectal cancer surgery in older people with low physical fitness: The CANOPTIPHYS randomised controlled trial
",10.1016/j.jgo.2025.102280,1,999,0,0,0,"The primary endpoint was postoperative complications according to the Clavien-Dindo classification [41,42] within 30 days after surgery","The primary endpoint was postoperative complications according to the Clavien-Dindo classification [41,42] within 30 days after surgery",0,1,0,0,1,0,0,1,1,2,0
44,"Junrungsee, S.; Vipudhamorn, W.; Lapisatepun, W.; Thepbunchonchai, A.; Chotirosniramit, A.; Lapisatepun, W.; Ko-iam, W.","Portal flow modulation by splenic artery ligation to prevent posthepatectomy liver failure: A randomized controlled trial
",10.1016/j.surg.2025.109351,3,0,999,0,999,The primary outcome was incidence of PHLF regarding to International Study Group of Liver Surgery definition3 grade B and C.,The primary outcome was incidence of PHLF regarding to International Study Group of Liver Surgery definition3 grade B and C.,0,999,0,1,1,0,0,1,1,0,0
55,"Martel, G.; Carrier, F.M.; Wherrett, C.; Lenet, T.; Mallette, K.; Brousseau, K.; Monette, L.; Workneh, A.; Ruel, M.; Sabri, E.; Maddison, H.; Tokessy, M.; Wong, P.B.Y.; Vandenbroucke-Menu, F.; Massicotte, L.; Chassé, M.; Collin, Y.; Perrault, M.-A.; Hamel-Perreault, É.; Park, J.; Lim, S.; Maltais, V.; Leung, P.; Gilbert, R.W.D.; Segedi, M.; Khalil, J.A.; Bertens, K.A.; Balaa, F.K.; Ramsay, T.; Tinmouth, A.; Fergusson, D.A.","Hypovolaemic phlebotomy in patients undergoing hepatic resection at higher risk of blood loss (PRICE-2): a randomised controlled trial
",10.1016/S2468-1253(24)00307-8,1,0,0,0,0,"The primary outcome was perioperative red blood cell transfusion to 30 days post-randomisation, analysed in all randomly assigned patients who underwent liver resection.","The primary outcome was perioperative red blood cell transfusion to 30 days post-randomisation, analysed in all randomly assigned patients who underwent liver resection.",1,1,1,1,1,0,0,1,1,1,1
59,"Krutkyte, G.; Goerg, A.M.C.; Grob, C.A.; Piazza, C.D.; Rolfes, E.-D.; Gloor, B.; Wenning, A.S.; Beldi, G.; Kollmar, O.; Hovorka, R.; Wilinska, M.E.; Herzig, D.; Vogt, A.P.; Girard, T.; Bally, L.","Perioperative Fully Closed-loop Versus Usual Care Glucose Management in Adults Undergoing Major Abdominal Surgery A Two-centre Randomized Controlled Trial
",10.1097/SLA.0000000000006549,3,999,999,0,999,"The primary outcome was the proportion of time the sensor glucose concentration was in the target glucose range of 5.6 to 10.0 mmol/L (set in line with recommendations for less stringent glucose control in this population16), from hospital admission to discharge or a maximum of 20 days after surgery.","The primary outcome was the proportion of time the sensor glucose concentration was in the target glucose range of 5.6 to 10.0 mmol/L (set in line with recommendations for less stringent glucose control in this population16), from hospital admission to discharge or a maximum of 20 days after surgery.",0,999,0,1,0,999,0,999,1,0,0
64,"Elorza, G.; Carré, M.K.; Pellino, G.; de Andres Olabarria, U.; Marquina, T.; Escovar, F.J.; Timoteo, A.; Gonzalez, J.M.G.; Planellas, P.; Espín-Basany, E.; Enriquez-Navascues, J.M.","Fascial incision shapes and paracolostomy hernia: cruciate vs. reinforced longitudinal (the “Hepworth hitch”): longcross randomized controlled trial (GECO2 STUDY)
",10.1007/s00384-025-04939-1,3,0,999,0,0,"The primary objective was to compare the PH rate at 2 years of follow-up, diagnosed through physical examination and CT scan.","The primary objective was to compare the PH rate at 2 years of follow-up, diagnosed through physical examination and CT scan.",0,0,1,0,1,0,0,1,1,0,0
67,"Chen, J.; Hong, C.; Chen, R.; Zhou, M.; Lin, S.","Prognostic impact of a 3-week multimodal prehabilitation program on frail elderly patients undergoing elective gastric cancer surgery: a randomized trial
",10.1186/s12876-024-03490-7,3,999,999,0,999,The primary outcome was 30-day postoperative complications determined using the Comprehensive Complication Index (CCI).,The primary outcome was 30-day postoperative complications determined using the Comprehensive Complication Index (CCI).,0,999,0,0,0,999,0,999,1,0,0
83,"Gillis, C.; Hasil, L.; Keane, C.; Brassard, D.; Kiernan, F.; Bellafronte, N.T.; Culos-Reed, S.N.; Gramlich, L.; Ljungqvist, O.; Fenton, T.R.","A multimodal prehabilitation class for Enhanced Recovery After Surgery: a pragmatic randomised type 1 hybrid effectiveness-implementation trial
",10.1016/j.bja.2025.03.001,3,999,999,0,999,Our primary outcome was LOS recorded as days from date of surgery until hospital discharge.,Our primary outcome was LOS recorded as days from date of surgery until hospital discharge.,0,999,0,0,0,999,0,999,1,0,0
96,"Reddy, M.S.; Koneti, A.J.; Chaudhary, A.; Rammohan, A.; Yalakanti, R.B.; Mallick, S.; Patcha, R.; Singh, V.P.; Krishnan, S.K.; Kumar, N.; Gopal, P.; Rela, M.; Sudhindran, S.","Multicenter Randomised Controlled Trial of Single Versus Double Venous Outflow Reconstruction in Right Lobe Living Donor Liver Transplantation: Venous Outflow in Liver Transplantation Trial
",10.1097/SLA.0000000000006601,3,999,0,0,0,The primary outcome of the trial was patency of the neoMHV up to 6 weeks after RtLDLT as assessed by serial ultrasound imaging and a contrast-enhanced CT scan at 6 weeks.,Patency of reconstructed anterior sector veins,0,999,0,999,1,0,0,1,2,0,0
101,"Figiel, W.; Niewiński, G.; Grąt, M.; Krawczyk, M.; Stypułkowski, J.; Lewandowski, Z.; Krasnodębski, M.; Patkowski, W.; Zieniewicz, K.","Postoperative Supplemental Oxygen in Liver Transplantation (PSOLT) does not reduce the rate of infections: results of a randomized controlled trial
",10.1186/s12916-023-02741-w,3,999,999,0,999,The primary outcome measure was the occurrence of infection in the 30-day postoperative period according to CDC definitions [29].,The primary outcome measure was the occurrence of infection in the 30-day postoperative period according to CDC definitions [29].,0,999,0,0,0,999,0,999,1,0,0
129,"Chen, H.; Wang, Y.; Jiang, K.; Xu, Z.; Jiang, Y.; Wu, Z.; Lu, X.; Wang, C.; Weng, Y.; Wang, W.; Ding, R.; Zheng, S.; Li, Y.; Fu, X.; Shi, G.; Wang, J.; Chen, H.; Peng, C.; Deng, X.; Qiu, Y.; Luo, Y.; Sun, B.; Shen, B.","The Effect of Perioperative Dexamethasone on Postoperative Complications after Pancreaticoduodenectomy: A Multicenter Randomized Controlled Trial
",10.1097/SLA.0000000000006240,1,999,999,0,0,The primary outcome was the Comprehensive Complication Index (CCI) score within 30 days after the operation.,The primary outcome was the Comprehensive Complication Index (CCI) score within 30 days after the operation.,0,999,0,0,0,999,0,999,1,0,0
131,"Koskenvuo, L.; Lunkka, P.; Varpe, P.; Hyöty, M.; Satokari, R.; Haapamäki, C.; Lepistö, A.; Sallinen, V.","Morbidity after Mechanical Bowel Preparation and Oral Antibiotics Prior to Rectal Resection: The MOBILE2 Randomized Clinical Trial
",10.1001/jamasurg.2024.0184,1,999,0,0,0,The primary outcome is Comprehensive Complica- tion Index (CCI) within 30 days after surgery.,The primary outcome is Comprehensive Complica- tion Index (CCI) within 30 days after surgery.,0,0,0,0,1,0,0,1,1,0,0
146,"Fichtinger, R.S.; Aldrighetti, L.A.; Abu Hilal, M.; Troisi, R.I.; Sutcliffe, R.P.; Besselink, M.G.; Aroori, S.; Menon, K.V.; Edwin, B.; D'Hondt, M.; Lucidi, V.; Ulmer, T.F.; Diaz-Nieto, R.; Soonawalla, Z.; White, S.; Sergeant, G.; Olij, B.; Ratti, F.; Kuemmerli, C.; Scuderi, V.; Berrevoet, F.; Vanlander, A.; Marudanayagam, R.; Tanis, P.; Dewulf, M.J.L.; Dejong, C.H.C.; Eminton, Z.; Kimman, M.L.; Brandts, L.; Neumann, U.P.; Fretland, A.A.; Pugh, S.A.; Van Breukelen, G.J.P.; Primrose, J.N.; Van Dam, R.M.","Laparoscopic Versus Open Hemihepatectomy: The ORANGE II PLUS Multicenter Randomized Controlled Trial
",10.1200/JCO.23.01019,2,0,0,0,999,"The primary end point was time to functional recovery, defined as the time in days between the end of surgery and the time point the patient met five predefined criteria, as observed and scored by the blinded ward personnel or trial nurse.","The primary end point was time to functional recovery, defined as the time in days between the end of surgery and the time point the patient met five predefined criteria, as observed and scored by the blinded ward personnel or trial nurse.",0,0,1,1,1,0,0,1,1,0,0
148,"Birgin, E.; Heibel, M.; Hetjens, S.; Rasbach, E.; Reissfelder, C.; Téoule, P.; Rahbari, N.N.","Robotic versus laparoscopic hepatectomy for liver malignancies (ROC'N'ROLL): a single-centre, randomised, controlled, single-blinded clinical trial
",10.1016/j.lanepe.2024.100972,2,999,0,0,0,"The primary endpoint was the mean QoL measured with the role functioning scale of the European Organisation for Research and Treatment of Cancer QLQ-C30 questionnaire at 30, 60, and 90 days after surgery.","The primary endpoint was the mean QoL measured with the role functioning scale of the European Organisation for Research and Treatment of Cancer QLQ-C30 questionnaire at 30, 60, and 90 days after surgery.",0,1,0,0,1,0,0,1,1,2,0
149,"Li, Z.; Zhou, L.; Li, M.; Wang, W.; Wang, L.; Dong, W.; Chen, J.; Gong, S.","Early mobilization after pancreatic surgery: A randomized controlled trial
",10.1016/j.surg.2024.06.027,3,999,999,0,999,"The primary outcome was defined as postoperative morbidity, measured via the Comprehensive Complication Index (CCI), within 30 days after surgery.","The primary outcome was defined as postoperative morbidity, measured via the Comprehensive Complication Index (CCI), within 30 days after surgery.",0,999,0,0,0,999,0,999,1,0,0
158,"Hsiung, P.-Y.; Shih, P.-Y.; Wu, Y.-L.; Chen, H.-T.; Hsu, H.-H.; Lin, M.-W.; Cheng, Y.-J.; Wu, C.-Y.","Effects of nonintubated thoracoscopic surgery on postoperative neurocognitive function: a randomized controlled trial
",10.1093/ejcts/ezad434,3,999,999,0,999,"The primary outcome was perioperative difference in neurocognitive
scores, namely scores on the Qmci-TW test.","The primary outcome was perioperative difference in neurocognitive
scores, namely scores on the Qmci-TW test.",0,999,0,1,0,999,0,999,1,0,0
163,"Ge, X.; Liu, H.; Wu, Y.; Liu, W.; Qi, W.; Ye, L.; Cao, Q.; Lian, H.; Bai, R.; Zhou, W.","Parenteral n–3 polyunsaturated fatty acids supplementation improves postoperative recovery for patients with Crohn's disease after bowel resection: a randomized, unblinded controlled clinical trial
",10.1016/j.ajcnut.2023.12.022,3,999,999,0,999,The primary outcome was the incidence of postoperative complications within 30 d after surgery or before discharge according to the Clavien–Dindo classification [7].,The primary outcome was the incidence of postoperative complications within 30 d after surgery or before discharge according to the Clavien–Dindo classification [7].,0,999,0,1,0,999,0,999,1,0,0
174,"Traeger, L.; Bedrikovetski, S.; Fitzsimmons, T.; Nguyen, T.-M.; Moore, J.W.; Lewis, M.; Sammour, T.","Pyridostigmine to Reduce the duration of postoperative Ileus after Colorectal surgery (PyRICo-RCT): randomized clinical trial
",10.1093/bjs/znae121,3,999,999,0,999,"The primary outcome was GI recovery measured using GI-2, a validated outcome measure comprising time to first stool and tolerance of solid diet without significant nausea or vomiting30.","The primary outcome was GI recovery measured using GI-2, a validated outcome measure comprising time to first stool and tolerance of solid diet without significant nausea or vomiting30.",0,999,0,1,0,999,0,999,1,0,0
179,"Bausys, A.; Luksta, M.; Anglickiene, G.; Maneikiene, V.V.; Kryzauskas, M.; Rybakovas, A.; Dulskas, A.; Kuliavas, J.; Stratilatovas, E.; Macijauskiene, L.; Simbelyte, T.; Celutkiene, J.; Jamontaite, I.E.; Cirtautas, A.; Lenickiene, S.; Petrauskiene, D.; Cikanaviciute, E.; Gaveliene, E.; Klimaviciute, G.; Rauduvyte, K.; Bausys, R.; Strupas, K.","Effect of home-based prehabilitation on postoperative complications after surgery for gastric cancer: randomized clinical trial
",10.1093/bjs/znad312,1,999,999,0,0,"The primary outcome of the study was the number of patients with at least one complication within 90 days after surgery. Complications were graded according to the Clavien–Dindo classification15,16.","The primary outcome of the study was the number of patients with at least one complication within 90 days after surgery. Complications were graded according to the Clavien–Dindo classification15,16.",0,0,0,1,0,999,0,999,1,0,0
184,"Wang, M.; Pan, S.; Qin, T.; Xu, X.; Huang, X.; Liu, J.; Chen, X.; Zhao, W.; Li, J.; Liu, C.; Li, D.; Liu, J.; Liu, Y.; Zhou, B.; Zhu, F.; Ji, S.; Cheng, H.; Li, Z.; Li, J.; Tang, Y.; Peng, X.; Yu, G.; Chen, W.; Ma, H.; Xiong, Y.; Meng, L.; Lu, P.; Zhang, Z.; Yu, X.; Zhang, H.; Qin, R.","Short-Term Outcomes Following Laparoscopic vs Open Pancreaticoduodenectomy in Patients with Pancreatic Ductal Adenocarcinoma: A Randomized Clinical Trial
",10.1001/jamasurg.2023.5210,1,999,1,1,0,"The primary outcome was the 5-year OS rate, calculated from the surgery date to the date of death from any cause.","The primary outcome was the 5-year OS rate, calculated from the surgery date to the date of death from any cause.",0,0,0,999,1,1,3,3,1,0,0
187,"Mihaljevic, A.L.; André, M.; Niall, B.; Pia-Elena, F.; Mirco, F.; Nico, G.; Julia, G.; Maximilian, J.; Charlotte, K.; Franziska, L.; Max, P.; Thomas, R.; Marius, S.; Alexander, S.-F.; Thomas, T.; Colette, D.-H.; Solveig, T.; Manuel, F.; Christina, K.; Johannes, V.; Lydia, B.; Radina-Ivaylova, D.; Pia, J.; Johanna, K.; Sonja, R.; Julia-Franziska, S.; Till, S.; Christoph, S.; Rico, W.; Steffen, A.; Celine, H.; Jana, R.; Dario, V.W.; Constantin, W.; Julia, Z.; Julia, B.; Robert, B.; Anne Marie Desiree, D.A.L.; Gerlinde, F.; Felix, H.; Niki, K.-A.; Hanna, K.; Johannes, K.; Niklas, K.; Daniel, L.; Marc, S.; Philip, S.; Rachel, S.; Clara Friederike, S.; Lisa-Marie, W.; Jonas, W.; Vincent-Noah, V.L.; Jens, N.; Viet Hoang, N.; Mariam, A.-W.; Patrick, K.; Niklas, M.L.; Sara Fatima, F.-U.-Z.; Zeynep, B.; Margarete, R.L.; Markus, D.; Christoph, G.; Sophie, H.; Louise, A.M.; Lena, A.; Tammy, D.; Elisabeth, G.; Christa, M.; Hannah, P.; Elisa, P.; Ruben, P.; Katharina, S.; Dominik, S.; Anna, S.; Christoph, Z.; Maximilian, V.H.; Georg, E.; Ricardo, K.; Naomi, G.; Gideon, L.; Kjell, K.; Michael, T.; Nikolas, P.; Andreas, S.; Patrick, B.; Sarah, G.; Lisa, G.; Julia, K.; Jil, M.; Claudia, P.; Michael, R.A.; Hannah, S.; Ajith, T.; Daniel, W.M.; Florian, V.; Melissa, B.; Charlotte, K.; Kilian, B.; Sophie, B.A.; Fynn, B.; Sven, B.; Jonas, B.; Yannick, D.; Sebastian, F.; Cornelius, F.; Huilin, G.; Nathanael, H.B.; Sophie, H.; Max, H.; Florian, I.; Julia, J.; Carolin, K.; Hannah, K.; Ji, K.; Lukas, K.; Clara, K.; Felix, K.; Philippa, L.; Julia, L.; Daniela, M.; Linh-Cathrin, N.; Zoe, P.; Vanessa, P.; Daniela, P.; Rebecca, R.; Anna, R.-V.; Jonathan, S.; Corinna, S.; Nikolai, S.; Malko, S.; Maximilian, T.; Deborah, V.E.; Omrahn, W.; Virginia, W.; Rosa, K.; Jan-Paul, G.; Felix, W.; Thomas, B.; Jonas, V.; Leon, S.; Kathrin, F.M.; Fiona, Z.; Sophia, S.E.; Lisa, S.; Patrizia, S.; Lukas, Z.; Anna, R.; Florian, H.; Corinna, M.-G.; Florian, O.; Antonia, W.; Quentin, F.; Morgana, M.; Max, S.; Alina, K.; Malte, S.; Petra, Z.; Meret, E.; Jonathan, B.; Samira, G.; Janina, H.; Dominik, H.; Majd, I.; Luise, K.; Natalija, K.; Anastasia, K.; Pascal, L.; Marin, Z.; Linyun, Z.; Maximilian, D.; Sandra, G.; Patrick, H.; Nadir, N.; Dan, R.","Postoperative Complications and Mobilization Following Major Abdominal Surgery with Versus Without Fitness Tracker-based Feedback (EXPELLIARMUS): A Student-led Multicenter Randomized Controlled Clinical Trial of the CHIR- Net SIGMA Study Group
",10.1097/SLA.0000000000006232,1,0,999,0,0,Postoperative morbidity was set as the primary end point to assess the efficacy of the intervention using fitness trackers. Postoperative morbidity was quantified using the comprehensive complication index (CCI) within 30 days of the index operation.,Postoperative morbidity was set as the primary end point to assess the efficacy of the intervention using fitness trackers. Postoperative morbidity was quantified using the comprehensive complication index (CCI) within 30 days of the index operation.,1,1,0,0,1,0,0,1,1,1,0
194,"Bilge, A.; Başaran, B.","Postoperative quality of recovery with erector spinae plane block or thoracolumbar interfascial plane block after major spinal surgery: a randomized controlled trial
",10.1007/s00586-023-07998-6,3,0,999,0,999,The primary outcome of the present study was the quality of recovery evaluated 24 h post-operatively using the QoR-40 questionnaire.,The primary outcome of the present study was the quality of recovery evaluated 24 h post-operatively using the QoR-40 questionnaire.,1,999,1,0,1,0,0,1,1,1,1
216,"Grąt, M.; Morawski, M.; Zhylko, A.; Rykowski, P.; Krasnodȩbski, M.; Wyporski, A.; Borkowski, J.; Lewandowski, Z.; Kobryń, K.; Stankiewicz, R.; Stypułkowski, J.; Hołówko, W.; Patkowski, W.; Mielczarek-Puta, M.; Struga, M.; Szczepankiewicz, B.; Górnicka, B.; Krawczyk, M.","Routine End-ischemic Hypothermic Oxygenated Machine Perfusion in Liver Transplantation From Donors After Brain Death: A Randomized Controlled Trial
",10.1097/SLA.0000000000006055,3,0,999,0,999,"The Model for Early Allograft Function (MEAF), based on serum bilirubin concentration and alanine transaminase activity, and international normalized ratio during the first 3 posttransplant days was the primary outcome measure.","The Model for Early Allograft Function (MEAF), based on serum bilirubin concentration and alanine transaminase activity, and international normalized ratio during the first 3 posttransplant days was the primary outcome measure.",1,999,1,0,1,0,0,1,1,1,1
334,"Lapisatepun, W.; Chotirosniramit, A.; Junrungsee, S.; Tungsrirut, N.; Maykanggoon, K.; Chantima, P.; Nitayamekin, A.; Lapisatepun, W.","Impact of Hypovolemic Phlebotomy with Low Central Venous Pressure on Intraoperative Blood Loss in Open Liver Resection: A Double-Blind Randomized Controlled Trial
",10.1097/SLA.0000000000006760,3,999,999,0,999,"The primary outcome of this study was intraoperative blood loss, which was meticulously evaluated by a blinded anesthetic team.","The primary outcome of this study was intraoperative blood loss, which was meticulously evaluated by a blinded anesthetic team.",0,999,0,0,0,999,0,999,1,0,0
912,"Willemin, M.; Schaffer, C.; Kefleyesus, A.; Dayer, A.; Demartines, N.; Schäfer, M.; Allemann, P.","Drain Versus No Drain in Open Mesh Repair for Incisional Hernia, Results of a Prospective Randomized Controlled Trial",10.1007/s00268-022-06725-4,3,999,999,0,999,The primary endpoint was the presence of a fluid collection on postoperative day 30 (POD 30).,The primary endpoint was the presence of a fluid collection on postoperative day 30 (POD 30),0,999,0,0,0,999,0,999,2,0,0
1121,"Wang, M.; Li, D.; Chen, R.; Huang, X.; Li, J.; Liu, Y.; Liu, J.; Cheng, W.; Chen, X.; Zhao, W.; Li, J.; Tan, Z.; Huang, H.; Li, D.; Zhu, F.; Qin, T.; Ma, J.; Yu, G.; Zhou, B.; Zheng, S.; Tang, Y.; Han, W.; Meng, L.; Ke, J.; Feng, F.; Chen, B.; Yin, X.; Chen, W.; Ma, H.; Xu, J.; Liu, Y.; Lin, R.; Dong, Y.; Yu, Y.; Liu, J.; Zhang, H.; Qin, R.; Minimally Invasive Treatment Group in the Pancreatic Disease Branch of China's International, Exchange; Promotion Association for, Medicine; Healthcare","Laparoscopic versus open pancreatoduodenectomy for pancreatic or periampullary tumours: a multicentre, open-label, randomised controlled trial",10.1016/S2468-1253(21)00054-6,1,999,0,0,0,"The primary outcome was the postoperative length of stay, defined as the number of nights spent in the hospital from the end of the surgical procedure until discharge or death.","The primary outcome was the postoperative length of stay, defined as the number of nights spent in the hospital from the end of the surgical procedure until discharge or death.",0,0,0,1,1,0,0,1,1,0,0
1155,"Wang, G.; Yi, B.; Li, Z.; Zhu, L.; Hao, L.; Zeng, Y.; Zhu, S.","Micro-Hand Robot-Assisted Versus da Vinci Robot-Assisted Cholecystectomy: A Multi-centre, Randomized Controlled Trial",10.1007/s00268-022-06668-w,3,1,999,1,999,The primary endpoint was surgical success rate.,The primary endpoint was surgical success rate.,0,999,0,1,1,1,1,1,1,0,0
1273,"Vogel, J. D.; Fleshner, P. R.; Holubar, S. D.; Poylin, V. Y.; Regenbogen, S. E.; Chapman, B. C.; Messaris, E.; Mutch, M. G.; Hyman, N. H.",High Complication Rate After Early Ileostomy Closure: Early Termination of the Short Versus Long Interval to Loop Ileostomy Reversal After Pouch Surgery Randomized Trial,10.1097/DCR.0000000000002427,1,999,999,0,999,The primary outcomes included Comprehensive Complication Index at 30 days after ileostomy closure.,The primary outcomes included Comprehensive Complication Index at 30 days after ileostomy closure.,0,1,0,0,0,999,0,999,1,2,0
1399,"Van Zeggeren, L.; Visser, R. A.; Vernooij, L. M.; Dijkstra, I. M.; Bosma, M.; Molenaar, Q.; Van Santvoort, H. C.; Noordzij, P. G.",The effect of remote ischaemic preconditioning on postoperative cardiac and inflammatory biomarkers in pancreatic surgery: A randomized controlled trial,10.1093/bjsopen/zrab015,3,999,999,0,999,The primary endpoint was the maximum postoperative hs-cTnT concentration within 48 h after surgery.,The primary endpoint was the maximum postoperative hs-cTnT concentration within 48 h after surgery. ,0,999,0,0,0,999,0,999,2,0,0
1469,"van der Wielen, N.; Straatman, J.; Daams, F.; Rosati, R.; Parise, P.; Weitz, J.; Reissfelder, C.; Diez del Val, I.; Loureiro, C.; Parada-González, P.; Pintos-Martínez, E.; Mateo Vallejo, F.; Medina Achirica, C.; Sánchez-Pernaute, A.; Ruano Campos, A.; Bonavina, L.; Asti, E. L. G.; Alonso Poza, A.; Gilsanz, C.; Nilsson, M.; Lindblad, M.; Gisbertz, S. S.; van Berge Henegouwen, M. I.; Fumagalli Romario, U.; De Pascale, S.; Akhtar, K.; Jaap Bonjer, H.; Cuesta, M. A.; van der Peet, D. L.",Open versus minimally invasive total gastrectomy after neoadjuvant chemotherapy: results of a European randomized trial,10.1007/s10120-020-01109-w,1,1,1,1,1,"The number of resected lymph nodes with a D2 lymphadenectomy according to the definition of the Japanese Gastric Cancer Association, alongside radicality, is a marker for the quality of care and, therefore, our primary outcome","The number of resected lymph nodes with a D2 lymphadenectomy according to the definition of the Japanese Gastric Cancer Association, alongside radicality, is a marker for the quality of care and, therefore, our primary outcome",0,0,0,1,1,1,1,1,1,0,0
1614,"Uemura, K.; Satoi, S.; Motoi, F.; Kwon, M.; Unno, M.; Murakami, Y.",Randomized clinical trial of duct-to-mucosa pancreaticogastrostomy versus handsewn closure after distal pancreatectomy,10.1002/bjs.10458,3,999,999,0,999,"The primary endpoint was the incidence of clinical POPF (grade B or C), defined according to the International Study Group on Pancreatic Fistula (ISGPF) criteria21.","The primary endpoint was the incidence of clinical POPF (grade B or C), defined according to the International Study Group on Pancreatic Fistula (ISGPF) criteria21.",0,999,0,0,0,999,0,999,1,0,0
1810,"Toprak, H.; Başaran, B.; Toprak, Ş S.; Et, T.; Kumru, N.; Korkusuz, M.; Bilge, A.; Yarımoğlu, R.",Efficacy of the Erector Spinae Plane Block for Quality of Recovery in Bariatric Surgery: a Randomized Controlled Trial,10.1007/s11695-023-06748-3,3,999,999,0,999,The primary outcome was the quality of recovery as assessed by the Turkish version of the QoR-40 questionnaire at 24 h postoperatively [20],The primary outcome was the quality of recovery as assessed by the Turkish version of the QoR-40 questionnaire at 24 h postoperatively [20],0,999,0,1,0,999,0,999,2,0,0
1995,"Tarvainen, T.; Sirén, J.; Kokkola, A.; Sallinen, V.",Effect of Hydrocortisone vs Pasireotide on Pancreatic Surgery Complications in Patients with High Risk of Pancreatic Fistula: A Randomized Clinical Trial,10.1001/jamasurg.2019.6019,1,1,1,1,1,The primary outcome of the trial was the Comprehensive Complication Index (CCI) score within 30 days after the operation.,The primary outcome of the trial was the Comprehensive Complication Index (CCI) score within 30 days after the operation.,0,1,0,1,1,1,1,1,1,2,0
2879,"Serra-Aracil, X.; Zarate, A.; Bargalló, J.; Gonzalez, A.; Serracant, A.; Roura, J.; Delgado, S.; Mora-López, L.","Transanal versus laparoscopic total mesorectal excision for mid and low rectal cancer (Ta-LaTME study): multicentre, randomized, open-label trial",10.1093/bjs/znac324,1,999,999,0,0,The primary outcome variable was the composite outcome of conversion surgery in each group.,The primary outcome variable was the composite outcome of conversion surgery in each group.,0,0,0,1,0,999,0,999,1,0,0
2882,"Serra-Aracil, X.; Pericay, C.; Badia-Closa, J.; Golda, T.; Biondo, S.; Hernández, P.; Targarona, E.; Borda-Arrizabalaga, N.; Reina, A.; Delgado, S.; Vallribera, F.; Caro, A.; Gallego-Plazas, J.; Pascual, M.; Álvarez-Laso, C.; Guadalajara-Labajo, H. G.; Mora-Lopez, L.","Short-term outcomes of chemoradiotherapy and local excision versus total mesorectal excision in T2-T3ab,N0,M0 rectal cancer: a multicentre randomised, controlled, phase III trial (the TAU-TEM study)",10.1016/j.annonc.2022.09.160,1,1,1,0,1,"The primary variable was local recurrence defined as the presence of adenocarcinoma in the biopsy on the residual scar, anastomosis or in the excised tumour bed.","The primary variable was local recurrence defined as the presence of adenocarcinoma in the biopsy on the residual scar, anastomosis or in the excised tumour bed.",0,0,0,999,1,1,3,3,1,0,0
3010,"Schlegel, A.; Mueller, M.; Muller, X.; Eden, J.; Panconesi, R.; von Felten, S.; Steigmiller, K.; Sousa Da Silva, R. X.; de Rougemont, O.; Mabrut, J. Y.; Lesurtel, M.; Cerisuelo, M. C.; Heaton, N. D.; Allard, M. A.; Adam, R.; Monbaliu, D.; Jochmans, I.; Haring, M. P. D.; Porte, R. J.; Parente, A.; Muiesan, P.; Kron, P.; Attia, M.; Kollmann, D.; Berlakovich, G.; Rogiers, X.; Petterson, K.; Kranich, A. L.; Amberg, S.; Müllhaupt, B.; Clavien, P. A.; Dutkowski, P.",A multicenter randomized-controlled trial of hypothermic oxygenated perfusion (HOPE) for human liver grafts before transplantation,10.1016/j.jhep.2022.12.030,2,999,999,0,999,"The primary endpoint was the occurrence of one or more major post-transplant complication, defined as a Clavien score of ≥III, per patient (binary) within 1 year after LT.","The primary endpoint was the occurrence of one or more major post-transplant complication, defined as a Clavien score of ≥III, per patient (binary) within 1 year after LT.",0,0,0,0,0,999,0,999,1,0,0
3153,"Sánchez-Iglesias, J. L.; Carbonell-Socias, M.; Pérez-Benavente, M. A.; Monreal Clua, S.; Manrique-Muñoz, S.; García Gorriz, M.; Burgos-Peláez, R.; Segurola Gurrutxaga, H.; Pamies Serrano, M.; Pilar Gutiérrez-Barceló, M. D.; Serrano-Castro, S.; Balcells-Farré, M. T.; Pérez-Barragán, C.; Scaillet-Houberechts, A.; Cossio-Gil, Y.; Gil-Moreno, A.",PROFAST: A randomised trial implementing enhanced recovery after surgery for highcomplexity advanced ovarian cancer surgery,10.1016/j.ejca.2020.06.011,3,999,999,0,999,The primary objective of the study was to determine whether the two groups showed differences in median LOS.,The primary objective of the study was to determine whether the two groups showed differences in median LOS.,0,999,0,1,0,999,0,999,1,0,0
3258,"Sabater, L.; Cugat, E.; Serrablo, A.; Suarez-Artacho, G.; Diez-Valladares, L.; Santoyo-Santoyo, J.; Martín-Pérez, E.; Ausania, F.; Lopez-Ben, S.; Jover-Navalon, J. M.; Garcés-Albir, M.; Garcia-Domingo, M. I.; Serradilla, M.; Pérez-Aguirre, E.; Sánchez-Pérez, B.; Di Martino, M.; Senra-Del-Rio, P.; Falgueras-Verdaguer, L.; Carabias, A.; Gómez-Mateo, M. C.; Ferrandez, A.; Dorcaratto, D.; Muñoz-Forner, E.; Fondevila, C.; Padillo, J.","Does the Artery-first Approach Improve the Rate of R0 Resection in Pancreatoduodenectomy?: A Multicenter, Randomized, Controlled Trial",10.1097/SLA.0000000000003535,3,999,999,0,999,The primary endpoint of the study was R0 resection rate.,The primary endpoint of the study was R0 resection rate.,0,999,0,0,0,999,0,999,1,0,0
3262,"Saar, S.; Mihnovitš, V.; Lustenberger, T.; Rauk, M.; Noor, E. H.; Lipping, E.; Isand, K. G.; Lepp, J.; Lomp, A.; Lepner, U.; Talving, P.",Twenty-four hour versus extended antibiotic administration after surgery in complicated appendicitis: A randomized controlled trial,10.1097/TA.0000000000002086,999,1,NA,0,NA,Primary outcomes were postoperative complications per CD and CCI,NA,0,NA,0,999,NA,NA,NA,NA,NA,NA,0
3378,"Rosen, M. J.; Krpata, D. M.; Petro, C. C.; Carbonell, A.; Warren, J.; Poulose, B. K.; Costanzo, A.; Tu, C.; Blatnik, J.; Prabhu, A. S.",Biologic vs Synthetic Mesh for Single-stage Repair of Contaminated Ventral Hernias: A Randomized Clinical Trial,10.1001/jamasurg.2021.6902,3,0,999,0,999,The primary outcome of this study was the efficacy of biologic mesh compared with synthetic mesh during single-stage repairs of ventral hernias in a contaminated field. The efficacy of each mesh was assessed by the 2-year hernia recurrence risk.,"Number of Participants With Absence of Surgical Site Occurrence Requiring Procedural Intervention, Total Number of Participants With Recurrence of Hernias",0,999,0,1,1,0,0,1,2,0,0
3837,"Poves, I.; Burdío, F.; Morató, O.; Iglesias, M.; Radosevic, A.; Ilzarbe, L.; Visa, L.; Grande, L.",Comparison of perioperative outcomes between laparoscopic and open approach for pancreatoduodenectomy: The Padulap randomized controlled trial,10.1097/SLA.0000000000002893,3,999,0,0,999,The primary endpoint of the study was the postoperative LOS calculated as the number of nights spent in the hospital from the end of the surgical procedure until discharge or death.,The primary endpoint of the study was the postoperative LOS calculated as the number of nights spent in the hospital from the end of the surgical procedure until discharge or death.,0,999,0,1,1,0,0,1,1,0,0
4067,"Perinel, J.; Mariette, C.; Dousset, B.; Sielezneff, I.; Gainant, A.; Mabrut, J. Y.; Bin-Dorel, S.; El Bechwaty, M.; Delaunay, D.; Bernard, L.; Sauvanet, A.; Pocard, M.; Buc, E.; Adham, M.",Early enteral versus total parenteral nutrition in patients undergoing pancreaticoduodenectomy a randomized multicenter controlled trial (Nutri-DPC),10.1097/SLA.0000000000001896,999,999,NA,0,NA,"The primary outcome was the incidence of postoperative complications, graded according to Clavien-Dindo,21 and defined as any complications occurring between the operative day and the day of discharge.",NA,0,NA,0,1,NA,NA,NA,NA,NA,NA,0
4536,"Onerup, A.; Andersson, J.; Angenete, E.; Bock, D.; Börjesson, M.; Ehrencrona, C.; Fagevik Olsén, M.; Larsson, P. A.; De La Croix, H.; Wedin, A.; Haglind, E.",Effect of Short-term Homebased Pre- and Postoperative Exercise on Recovery after Colorectal Cancer Surgery (PHYSSURG-C): A Randomized Clinical Trial,10.1097/SLA.0000000000004901,1,0,999,0,0,The primary outcome measure was self-assessed physical recovery 4 weeks postoperatively.,The primary outcome measure was self-assessed physical recovery 4 weeks postoperatively.,0,0,0,0,1,0,0,1,1,0,0
5256,"Molenaar, C. J. L.; Minnella, E. M.; Coca-Martinez, M.; Ten Cate, D. W. G.; Regis, M.; Awasthi, R.; Martínez-Palli, G.; López-Baamonde, M.; Sebio-Garcia, R.; Feo, C. V.; Van Rooijen, S. J.; Schreinemakers, J. M. J.; Bojesen, R. D.; Gögenur, I.; Van Den Heuvel, E. R.; Carli, F.; Slooter, G. D.","Effect of Multimodal Prehabilitation on Reducing Postoperative Complications and Enhancing Functional Capacity Following Colorectal Cancer Surgery: The PREHAB Randomized Clinical Trial
",10.1001/jamasurg.2023.0198,1,999,999,0,0,The coprimary outcomes were 30-day postoperative complications determined using the Comprehensive Complication Index (CCI) and postoperative 6-minute walking distance (6-MWD) that was measured with the 6-minute walking test (6-MWT).,The coprimary outcomes were 30-day postoperative complications determined using the Comprehensive Complication Index (CCI) and postoperative 6-minute walking distance (6-MWD) that was measured with the 6-minute walking test (6-MWT).,0,0,0,0,0,999,0,999,1,0,0
5362,"Minnella, E. M.; Awasthi, R.; Loiselle, S. E.; Agnihotram, R. V.; Ferri, L. E.; Carli, F.","Effect of Exercise and Nutrition Prehabilitation on Functional Capacity in Esophagogastric Cancer Surgery: A Randomized Clinical Trial
",10.1001/jamasurg.2018.1645,2,999,999,0,0,"The primary outcome was change in functional capacity over time, measured as the difference in absolute change in 6-minute walk distance (6MWD) between baseline and the preoperative visit (primary analysis) and between baseline and the postoperative visit.","The primary outcome was change in functional capacity over time, measured as the difference in absolute change in 6-minute walk distance (6MWD) between baseline and the preoperative visit (primary analysis) and between baseline and the postoperative visit. ",0,0,0,1,0,999,0,999,2,0,0
5981,"Ma, G.; Cao, H.; Wei, R.; Qu, X.; Wang, L.; Zhu, L.; Du, J.; Wang, Y.","Comparison of the short-term clinical outcome between open and minimally invasive esophagectomy by comprehensive complication index
",10.4103/jcrt.JCRT_48_18,999,999,NA,0,NA,short-term outcomes of postoperative morbidity calculated by CCI.,NA,0,NA,0,1,NA,NA,NA,NA,NA,NA,0
6010,"Lurje, G.; Raptis, D. A.; Steinemann, D. C.; Amygdalos, I.; Kambakamba, P.; Petrowsky, H.; Lesurtel, M.; Zehnder, A.; Wyss, R.; Clavien, P. A.; Breitenstein, S.","Cosmesis and body image in patients undergoing single-port versus conventional laparoscopic cholecystectomy: A multicenter double-blinded randomized controlled trial (SPOCC-trial)
",10.1097/SLA.0000000000001474,1,0,999,0,0,The primary endpoint of the trial was the validated cosmesis and body image score at 12 weeks and 1 year.,The hypothesis and primary objective is that patients undergoing SPLC will have a better outcome in cosmesis and body image 12 weeks after surgery.,1,1,0,1,1,0,0,1,2,1,0
6257,"Linecker, M.; Botea, F.; Aristotele Raptis, D.; Nicolaescu, D.; Limani, P.; Alikhanov, R.; Kim, P.; Wirsching, A.; Kron, P.; Schneider, M. A.; Tschuor, C.; Kambakamba, P.; Oberkofler, C.; De Oliveira, M. L.; Bonvini, J.; Efanov, M.; Graf, R.; Petrowsky, H.; Khatkov, I.; Clavien, P. A.; Popescu, I.","Perioperative omega-3 fatty acids fail to confer protection in liver surgery: Results of a multicentric, double-blind, randomized controlled trial
",10.1016/j.jhep.2019.10.004,1,999,999,0,0,"The primary endpoint was morbidity/mortality, as defined by the Clavien-Dindo classification of complications (grade I-V)14 and the related CCI, which integrates the different grades of complications by severity in figures ranging from 0 (uneventful course) to 100 (death)","The primary endpoint was morbidity/mortality, as defined by the Clavien-Dindo classification of complications (grade I-V)14 and the related CCI, which integrates the different grades of complications by severity in figures ranging from 0 (uneventful course) to 100 (death)",0,1,0,0,0,999,0,999,1,2,0
7035,"Koskenvuo, L.; Lehtonen, T.; Koskensalo, S.; Rasilainen, S.; Klintrup, K.; Ehrlich, A.; Pinta, T.; Scheinin, T.; Sallinen, V.","Mechanical and oral antibiotic bowel preparation versus no bowel preparation for elective colectomy (MOBILE): a multicentre, randomised, parallel, single-blinded trial
",10.1016/S0140-6736(19)31269-3,3,0,999,0,0,The primary outcome was SSI within 30 days after surgery,The primary outcome was SSI within 30 days after surgery,0,999,0,0,1,0,0,1,1,0,0
7207,"Klevebro, F.; Johnsen, G.; Johnson, E.; Viste, A.; Myrnäs, T.; Szabo, E.; Jacobsen, A. B.; Friesland, S.; Tsai, J. A.; Persson, S.; Lindblad, M.; Lundell, L.; Nilsson, M.","Morbidity and mortality after surgery for cancer of the oesophagus and gastro-oesophageal junction: A randomized clinical trial of neoadjuvant chemotherapy vs. neoadjuvant chemoradiation
",10.1016/j.ejso.2015.03.226,3,999,999,0,999,"The objective of this study was to compare the postoperative outcome, i.e. the incidence and severity of complications",Pathological Complete Histological Response (pCR) After Resection Than Chemotherapy Alone in Patients With Resectable Carcinoma of the Esophagus and Cardia.,0,999,0,0,0,999,0,999,2,0,0
8597,"Heiman, J.; Onerup, A.; Wessman, C.; Olofsson Bagge, R.","Recovery after breast cancer surgery following recommended pre and postoperative physical activity: (PhysSURG-B) randomized clinical trial
",10.1093/bjs/znaa007,2,999,999,0,0,"The primary outcome was physical recovery at 4 weeks after surgery, measured using self-administered questionnaires","The primary outcome was physical recovery at 4 weeks after surgery, measured using self-administered questionnaires",0,0,0,0,0,999,0,999,1,0,0
8691,"Hasegawa, Y.; Nitta, H.; Takahara, T.; Katagiri, H.; Kanno, S.; Umemura, A.; Akiyama, Y.; Iwaya, T.; Otsuka, K.; Sasaki, A.","Glucocorticoid use and ischemia-reperfusion injury in laparoscopic liver resection: Randomized controlled trial
",10.1002/ags3.12298,3,999,999,0,999,Primary endpoint was postoperative total serum bilirubin level.,Primary endpoint was postoperative total serum bilirubin level.,0,999,0,1,0,999,0,999,1,0,0
8922,"Guo, Z.; Zhao, Q.; Jia, Z.; Huang, C.; Wang, D.; Ju, W.; Zhang, J.; Yang, L.; Huang, S.; Chen, M.; Zhu, X.; Hu, A.; Ma, Y.; Wu, L.; Chen, Y.; Han, M.; Tang, Y.; Wang, G.; Wang, L.; Li, L.; Xiong, W.; Zhang, Z.; Shen, Y.; Tang, Z.; Zhu, C.; Chen, X.; Hu, X.; Guo, Y.; Chen, H.; Ma, Y.; Zhang, T.; Huang, S.; Zeng, P.; Lai, S.; Wang, T.; Chen, Z.; Gong, J.; Yu, J.; Sun, C.; Li, C.; Tan, H.; Liu, Y.; Dong, Y.; Sun, C.; Liao, B.; Ren, J.; Zhou, Z.; Andrea, S.; Björn, N.; Cai, C.; Gong, F.; Rong, J.; Huang, W.; Guan, X.; Clavien, P. A.; Stefan, T. G.; Huang, J.; He, X.","A randomized-controlled trial of ischemia-free liver transplantation for end-stage liver disease
",10.1016/j.jhep.2023.04.010,1,999,999,0,0,The primary endpoint was determined as the incidence of EAD within 7 days post-transplantation as defined by the Olthoff criteria,The primary endpoint was determined as the incidence of EAD within 7 days post-transplantation as defined by the Olthoff criteria,0,0,0,1,0,999,0,999,1,0,0
9151,"Gómez-Izquierdo, J. C.; Trainito, A.; Mirzakandov, D.; Stein, B. L.; Liberman, S.; Charlebois, P.; Pecorelli, N.; Feldman, L. S.; Carli, F.; Baldini, G.","Goal-directed Fluid Therapy Does Not Reduce Primary Postoperative Ileus after Elective Laparoscopic Colorectal Surgery: A Randomized Controlled Trial
",10.1097/ALN.0000000000001663,3,999,999,0,999,Primary postoperative ileus was the primary outcome.,Primary postoperative ileus was the primary outcome.,0,999,0,0,0,999,0,999,1,0,0
9217,"Gloor, S.; Misirlic, M.; Frei-Lanter, C.; Herzog, P.; Müller, P.; Schäfli-Thurnherr, J.; Lamdark, T.; Schregel, D.; Wyss, R.; Unger, I.; Gisi, D.; Greco, N.; Mungo, G.; Wirz, M.; Raptis, D. A.; Tschuor, C.; Breitenstein, S.","Prehabilitation in patients undergoing colorectal surgery fails to confer reduction in overall morbidity: results of a single-center, blinded, randomized controlled trial
",10.1007/s00423-022-02449-0,1,999,999,0,0,The primary endpoint was postoperative complications assessed by Comprehensive Complications Index (CCI®).,The primary endpoint was postoperative complications assessed by Comprehensive Complications Index (CCI®).,0,NA,0,0,0,999,0,999,1,NA,0
9596,"Fretland, A. A.; Dagenborg, V. J.; Bjørnelv, G. M. W.; Kazaryan, A. M.; Kristiansen, R.; Fagerland, M. W.; Hausken, J.; Tønnessen, T. I.; Abildgaard, A.; Barkhatov, L.; Yaqub, S.; Røsok, B. I.; Bjørnbeth, B. A.; Andersen, M. H.; Flatmark, K.; Aas, E.; Edwin, B.","Laparoscopic Versus Open Resection for Colorectal Liver Metastases
",10.1097/SLA.0000000000002353,1,0,0,0,0,"We, therefore, amended the protocol to specify that the primary outcome was a complication of Accordion grade 2 or higher.","We, therefore, amended the protocol to specify that the primary outcome was a complication of Accordion grade 2 or higher.",0,0,0,1,1,0,0,1,1,0,0
9679,"Fiore, J. F.; Castelino, T.; Pecorelli, N.; Niculiseanu, P.; Balvardi, S.; Hershorn, O.; Liberman, S.; Charlebois, P.; Stein, B.; Carli, F.; Mayo, N. E.; Feldman, L. S.","Ensuring Early Mobilization Within an Enhanced Recovery Program for Colorectal Surgery
",10.1097/SLA.0000000000002114,2,999,0,0,0,Primary outcome was the proportion of patients returning to preoperative functional walking capacity (6-min walk test) at 4 weeks after surgery.,Primary outcome was the proportion of patients returning to preoperative functional walking capacity (6-min walk test) at 4 weeks after surgery.,0,0,0,0,1,0,0,1,1,0,0
9680,"Finnerty, D. T.; McMahon, A.; McNamara, J. R.; Hartigan, S. D.; Griffin, M.; Buggy, D. J.","Comparing erector spinae plane block with serratus anterior plane block for minimally invasive thoracic surgery: a randomised clinical trial
",10.1016/j.bja.2020.06.020,3,0,999,0,999,"The primary outcome was quality of patient recovery at 24 h, using the Quality of Recovery-15 (QoR-15) scale.","The primary outcome was quality of patient recovery at 24 h, using the Quality of Recovery-15 (QoR-15) scale.",1,999,1,1,1,0,0,1,1,1,1
9681,"Finnerty, D.; Ní Eochagáin, A.; Ahmed, M.; Poynton, A.; Butler, J. S.; Buggy, D. J.","A randomised trial of bilateral erector spinae plane block vs. no block for thoracolumbar decompressive spinal surgery
",10.1111/anae.15488,3,999,999,0,0,"Primary outcome was the summed QoR-15 score at 24 postoperative hours, completed by the participants.","Primary outcome was the summed QoR-15 score at 24 postoperative hours, completed by the participants.",0,1,0,1,0,999,0,999,1,2,0
9717,"Ferreira, V.; Minnella, E. M.; Awasthi, R.; Gamsa, A.; Ferri, L.; Mulder, D.; Sirois, C.; Spicer, J.; Schmid, S.; Carli, F.","Multimodal Prehabilitation for Lung Cancer Surgery: A Randomized Controlled Trial
",10.1016/j.athoracsur.2020.11.022,3,999,999,0,999,"The primary outcome was FC measured by the 6-minute walk test (6MWT), the most widely used test to measure FC in individuals with chronic lung disease, previously validated in the chronic obstructive pulmonary disease population as a measure of exercise tolerance.","The primary outcome was FC measured by the 6-minute walk test (6MWT), the most widely used test to measure FC in individuals with chronic lung disease, previously validated in the chronic obstructive pulmonary disease population as a measure of exercise tolerance.",0,999,0,0,0,999,0,999,1,0,0
9962,"Elvira López, J.; Sales Mallafré, R.; Padilla Zegarra, E.; Carrillo Luna, L.; Ferreres Serafini, J.; Tully, R.; Memba Ikuga, R.; Jorba Martin, R.","Outpatient management of acute uncomplicated appendicitis after laparoscopic appendectomy: a randomized controlled trial
",10.1186/s13017-022-00465-5,3,999,999,0,999,The primary endpoint was the length of stay.,The primary endpoint was the length of stay.,0,999,0,1,0,999,0,999,1,0,0
9963,"Elvira Lopez, J.; Escuder Perez, J.; Sales Mallafre, R.; Feliu Villaro, F.; Caro Tarrago, A.; Espina Perez, B.; Ferreres Serafini, J.; Jorba Martin, R.","Randomised clinical trial to test the phenolization in sacrococcygeal pilonidal disease
",10.1111/iwj.14096,3,1,999,0,999,The main endpoint was the recurrence of sacrococcygeal disease.,The main endpoint was the recurrence of sacrococcygeal disease.,0,999,0,0,1,1,0,0,1,0,0
9984,"Ellebæk, M. B.; Perdawood, S. K.; Steenstrup, S.; Khalaf, S.; Kundal, J.; Möller, S.; Bang, J. C.; Støvring, J.; Qvist, N.","Early versus late reversal of diverting loop ileostomy in rectal cancer surgery: a multicentre randomized controlled trial
",10.1038/s41598-023-33006-4,3,999,999,0,999,"The primary outcomes were morbidity and mortality, as measured by the Comprehensive Complication Index (CCI) within 30 days after stoma reversal",Death occurring during the first 90 postoperative days,0,999,0,0,0,999,0,999,2,0,0
10101,"Dudi-Venkata, N. N.; Kroon, H. M.; Bedrikovetski, S.; Lewis, M.; Lawrence, M. J.; Hunter, R. A.; Moore, J. W.; Thomas, M. L.; Sammour, T.","Impact of STIMUlant and osmotic LAXatives (STIMULAX trial) on gastrointestinal recovery after colorectal surgery: randomized clinical trial
",10.1093/bjs/znab140,3,999,999,0,0,"The primary outcome was GI-2, a validated composite measure defined as the interval from surgery until first passage of stool and tolerance of solid intake for 24 h in the absence of vomiting.","The primary outcome was GI-2, a validated composite measure defined as the interval from surgery until first passage of stool and tolerance of solid intake for 24 h in the absence of vomiting.",0,1,0,1,0,999,0,999,1,2,0
10427,"de Wijkerslooth, E. M. L.; Boerma, E. J. G.; van Rossem, C. C.; van Rosmalen, J.; Baeten, C. I. M.; Beverdam, F. H.; Bosmans, J. W. A. M.; Consten, E. C. J.; Dekker, J. W. T.; Emous, M.; van Geloven, A. A. W.; Gijsen, A. F.; Heijnen, L. A.; Jairam, A. P.; Melles, D. C.; van der Ploeg, A. P. T.; Steenvoorde, P.; Toorenvliet, B. R.; Vermaas, M.; Wiering, B.; Wijnhoven, B. P. L.; van den Boom, A. L.; Baeten, C. I. M. C.; Beverdam, F. H. F.; Boerma, E. G. E. J.; van den Boom, A. L. A. L.; Bosmans, J. W. A. M. A. C.; Burghgraef, T. A. T.; Consten, E. C. J. E.; Dekker, J. W. T. J. W.; Emous, M. M.; van Geloven, A. A. W. N.; Gijsen, A. F. A.; Heijnen, L. A. L.; Heinink, F. F.; Huisman, S. A. S.; Jairam, A. P. A.; Janssen, P. T. J. H. M. P.; de Jonge, J. J.; Jou-Valencia, D. D.; Klaphake, S. S.; Kloeze, J. J.; Kroese, L. F. L.; Langeveld, H. R. H.; Luyer, M. D. P. M.; Melles, D. C. D.; Noordman, B. J. B.; van der Ploeg, A. P. T. S.; Poelmann, F. B. F.; van Rossem, C. C. C.; van Rosmalen, J. J.; Schreurs, W. H. H.; Steenvoorde, P. P.; Toorenvliet, B. R. B.; Vermaas, M. M.; Shapiro, J. J.; Verbeek, F. P. R. F.; Verhelst, J. J.; Versteegh, H. P. H.; van Vugt, J. L. A. J.; Wiering, B. B.; van Wijk, B. J. B.; de Wijkerslooth, E. M. L. E.; Wijnhoven, B. P. L. B.; Group, Appic Study","2 days versus 5 days of postoperative antibiotics for complex appendicitis: a pragmatic, open-label, multicentre, non-inferiority randomised trial
",10.1016/S0140-6736(22)02588-0,1,1,1,1,1,The primary endpoint was a composite endpoint of infectious complications and mortality within 90 days.,The primary endpoint was a composite endpoint of infectious complications and mortality within 90 days.,0,0,0,1,1,1,1,1,1,0,0
10575,"Danielsen, A. K.; Park, J.; Jansen, J. E.; Bock, D.; Skullman, S.; Wedin, A.; Marinez, A. C.; Haglind, E.; Angenete, E.; Rosenberg, J.","Early closure of a temporary ileostomy in patients with rectal cancer: A multicenter randomized controlled trial
",10.1097/SLA.0000000000001829,1,999,999,0,0,The primary endpoint was the mean number of complications after index-operation and up to 12 months.,Frequency of complications 0–12 months after initial surgery.,0,0,0,1,0,999,0,999,2,0,0
10595,"Dai, M.; Liu, Q.; Xing, C.; Tian, X.; Cao, F.; Tang, W.; Lv, S.; Ma, Y.; Zhang, D.; Kleeff, J.; Yang, Y.; Liu, R.; He, Q.; Li, F.; Li, G.; Guo, J.; Liao, Q.; Zhao, Y.","Early Drain Removal is Safe in Patients With Low or Intermediate Risk of Pancreatic Fistula After Pancreaticoduodenectomy: A Multicenter, Randomized Controlled Trial
",10.1097/SLA.0000000000004992,3,0,999,0,999,Primary outcome was the incidence of Clavien-Dindo grade 2 to 4 complications.,Primary outcome was the incidence of Clavien-Dindo grade 2 to 4 complications.,0,999,0,0,1,0,0,1,1,0,0
10627,"Czigany, Z.; Pratschke, J.; Froněk, J.; Guba, M.; Schöning, W.; Raptis, D. A.; Andrassy, J.; Kramer, M.; Strnad, P.; Tolba, R. H.; Liu, W.; Keller, T.; Miller, H.; Pavicevic, S.; Uluk, D.; Kocik, M.; Lurje, I.; Trautwein, C.; Mehrabi, A.; Popescu, I.; Vondran, F. W. R.; Ju, C.; Tacke, F.; Neumann, U. P.; Lurje, G.","Hypothermic Oxygenated Machine Perfusion Reduces Early Allograft Injury and Improves Post-transplant Outcomes in Extended Criteria Donation Liver Transplantation From Donation After Brain Death: Results From a Multicenter Randomized Controlled Trial (HOPE ECD-DBD)
",10.1097/SLA.0000000000005110,1,999,999,0,0,Peak-ALT levels within 7 days following LT constituted the primary endpoint.,Peak-ALT levels within 7 days following LT constituted the primary endpoint.,0,0,0,1,0,999,0,999,1,0,0
10724,"Correa Marinez, A.; Bock, D.; Erestam, S.; Engström, A.; Kälebo, P.; Nielsen, Y. W.; Rosenberg, J.; Haglind, E.; Angenete, E.","Methods of Colostomy Construction: No Effect on Parastomal Hernia Rate: Results from Stoma-const - A Randomized Controlled Trial
",10.1097/SLA.0000000000003843,3,999,999,0,999,"The primary endpoint was the rate of parastomal hernia, determined by CT scan, within 12 months of the colostomy construction.","The primary endpoint was the rate of parastomal hernia, determined by CT scan, within 12 months of the colostomy construction.",0,999,0,0,0,999,0,999,1,0,0
11250,"Carrano, F. M.; Maroli, A.; Carvello, M.; Foppa, C.; Sacchi, M.; Crippa, J.; Clerico, G.; De Lucia, F.; Coppola, E.; Ben David, N.; Spinelli, A.","Negative-pressure wound therapy after stoma reversal in colorectal surgery: a randomized controlled trial
",10.1093/bjsopen/zrab116,2,0,999,0,0,The primary endpoint of the study was the rate of wound complications and SSIs after stoma closure.,The primary endpoint of the study was the rate of wound complications and SSIs after stoma closure.,0,0,0,0,1,0,0,1,1,0,0
11372,"Burden, S. T.; Gibson, D. J.; Lal, S.; Hill, J.; Pilling, M.; Soop, M.; Ramesh, A.; Todd, C.","Pre-operative oral nutritional supplementation with dietary advice versus dietary advice alone in weight-losing patients with colorectal cancer: single-blind randomized controlled trial
",10.1002/jcsm.12170,3,999,999,0,999,Primary outcome was patients with one or more surgical site infection (SSI) or chest infection,Primary outcome was patients with one or more surgical site infection (SSI) or chest infection,0,999,0,1,0,999,0,999,1,0,0
11441,"Brorson, F.; Thorarinsson, A.; Kölby, L.; Elander, A.; Hansson, E.","Early complications in delayed breast reconstruction: A prospective, randomized study comparing different reconstructive methods in radiated and non-radiated patients
",10.1016/j.ejso.2020.07.010,3,999,999,0,999,"The primary aim was to compare early complication rates for two different breast-reconstructive methods in radiated and non-radiated patients, using a validated scale.",Aesthetic outcome,0,999,0,0,0,999,0,999,2,0,0
11525,"Boxhoorn, L.; van Dijk, S. M.; van Grinsven, J.; Verdonk, R. C.; Boermeester, M. A.; Bollen, T. L.; Bouwense, S. A. W.; Bruno, M. J.; Cappendijk, V. C.; Dejong, C. H. C.; van Duijvendijk, P.; van Eijck, C. H. J.; Fockens, P.; Francken, M. F. G.; van Goor, H.; Hadithi, M.; Hallensleben, N. D. L.; Haveman, J. W.; Jacobs, M. A. J. M.; Jansen, J. M.; Kop, M. P. M.; van Lienden, K. P.; Manusama, E. R.; Mieog, S. J. D.; Molenaar, I. Q.; Nieuwenhuijs, V. B.; Poen, A. C.; Poley, J. W.; van de Poll, M.; Quispel, R.; Römkens, T. E. H.; Schwartz, M. P.; Seerden, T. C.; Stommel, M. W. J.; Straathof, J. W. A.; Timmerhuis, H. C.; Venneman, N. G.; Voermans, R. P.; van de Vrie, W.; Witteman, B. J.; Dijkgraaf, M. G. W.; van Santvoort, H. C.; Besselink, M. G.","Immediate versus postponed intervention for infected necrotizing pancreatitis
",10.1056/NEJMoa2100826,1,0,0,0,0,"The primary end point was the score on the Comprehensive Complication Index, which incorporates all complications over the course of 6 months of follow-up.","The primary end point was the score on the Comprehensive Complication Index, which incorporates all complications over the course of 6 months of follow-up.",1,1,0,0,1,0,0,1,1,1,0
11623,"Bollo, J.; Turrado, V.; Rabal, A.; Carrillo, E.; Gich, I.; Martinez, M. C.; Hernandez, P.; Targarona, E.","Randomized clinical trial of intracorporeal versus extracorporeal anastomosis in laparoscopic right colectomy (IEA trial)
",10.1002/bjs.11389,3,999,999,0,999,The primary endpoint was duration of hospital stay.,The primary endpoint was duration of hospital stay.,0,999,0,1,0,999,0,999,1,0,0
11811,"Berkel, A. E. M.; Bongers, B. C.; Kotte, H.; Weltevreden, P.; De Jongh, F. H. C.; Eijsvogel, M. M. M.; Wymenga, M.; Bigirwamungu-Bargeman, M.; Van Der Palen, J.; Van Det, M. J.; Van Meeteren, N. L. U.; Klaase, J. M.","Effects of Community-based Exercise Prehabilitation for Patients Scheduled for Colorectal Surgery With High Risk for Postoperative Complications: Results of a Randomized Clinical Trial
",10.1097/SLA.0000000000004702,1,999,999,0,0,"The primary outcome was the number of patients with one or more complications within 30 days of surgery, graded according to the Clavien-Dindo classification.","The primary outcome was the number of patients with one or more complications within 30 days of surgery, graded according to the Clavien-Dindo classification.",0,0,0,1,0,999,0,999,1,0,0
11917,"Beck-Schimmer, B.; Bonvini, J. M.; Braun, J.; Seeberger, M.; Neff, T. A.; Risch, T. J.; Stüber, F.; Vogt, A.; Weder, W.; Schneiter, D.; Filipovic, M.; Puhan, M.","Which anesthesia regimen is best to reduce morbidity and mortality in lung surgery?
",10.1097/ALN.0000000000001164,3,0,999,0,0,Time to occurrence of the first major complication accord- ing to the Clavien-Dindo score was defined as primary (during hospitalization),Time to occurrence of the first major complication accord- ing to the Clavien-Dindo score was defined as primary (during hospitalization),0,999,0,0,1,0,0,1,1,0,0
12282,"Arita, J.; Sakamaki, K.; Saiura, A.; Konishi, M.; Sakamoto, Y.; Hashimoto, M.; Sano, T.; Uesaka, K.; Kokudo, N.; Yamanaka, T.; Shimada, K.","Drain Placement after Uncomplicated Hepatic Resection Increases Severe Postoperative Complication Rate: A Japanese Multi-institutional Randomized Controlled Trial (ND-trial)
",10.1097/SLA.0000000000004051,3,1,999,1,999,Primary endpoint was the postoperative complication of C-D grade 3 or higher within 90 postoperative days.,Primary endpoint was the postoperative complication of C-D grade 3 or higher within 90 postoperative days.,0,999,0,1,1,1,1,1,1,0,0
added1,"Carli F, Bousquet-Dion G, Awasthi R, Elsherbini N, Liberman S, Boutros M, Stein B, Charlebois P, Ghitulescu G, Morin N, Jagoe T, Scheede-Bergdahl C, Minnella EM, Fiore JF Jr.","Effect of Multimodal Prehabilitation vs Postoperative Rehabilitation on 30-Day Postoperative Complications for Frail Patients Undergoing Resection of Colorectal Cancer
A Randomized Clinical Trial",10.1001/jamasurg.2019.5474,2,0,0,0,0,The primary outcome included the Comprehensive Complications Index measured at 30 days after surgery.,The primary outcome included the Comprehensive Complications Index measured at 30 days after surgery.,1,1,0,0,1,0,0,1,1,1,0
added12,"Kevin Talboom 1, Wernard A A Borstlap 1, Sapho X Roodbeen 1, Emma R J Bruns 1, Christianne J Buskens 1, Roel Hompes 1, Kristien M A J Tytgat 2, Jurriaan B Tuynman 3, Esther C J Consten 4, Gijsbert Heuff 5, Teaco Kuiper 6, Anna A W van Geloven 7, Gerrit J Veldhuis 8, Joost A B van der Hoeven 9, Michael F Gerhards 10, Colin Sietses 11, Antonino Spinelli 12, Anthony W H van de Ven 13, Edwin S van der Zaag 14, Marinke Westerterp 15, Henderik L van Westreenen 16, Marcel L Dijkgraaf 17, Nicole P Juffermans 18, Wilhelmus A Bemelman 19; FIT collaborative group","Ferric carboxymaltose infusion versus oral iron supplementation for preoperative iron deficiency anaemia in patients with colorectal cancer (FIT): a multicentre, open-label, randomised, controlled trial",10.1016/S2352-3026(22)00402-1,1,0,0,0,0,The primary endpoint was the proportion of patients with normalised haemoglobin levels before surgery (≥12 g/dL for women and ≥13 g/dL for men).,The primary endpoint was the proportion of patients with normalised haemoglobin levels before surgery (≥12 g/dL for women and ≥13 g/dL for men).,0,0,0,0,1,0,0,1,1,0,0
added2,"Xavier Serra-Aracil1,2, Jose Hidalgo1 , Nuria Llorach Perucho1 , Cristina Soto Montesinos3 , Carlos Gómez Diaz3 , Regina Vives Figueras3 , Salvadora Delgado Rivilla4 , Juan Manuel Romero Marcos4 , Carlota Cuenca Gomez4 , ,Joan Ferreres-Serafini5 , Vincent Primo Romaguera6 , Ana Galvez7 , Aleidis Caro-Tarragó 5 and on behalf of Vesicalcath-study group.","Multicentre, prospective, randomised controlled non-inferiority trial of bladder catheter management in short-duration, minimally invasive colon surgery (The Vesicalcath I-Study).",10.1097/JS9.0000000000002962,1,1,1,1,1,The primary objective is to compare AUR rates between the immediate removal group and the 24-hour group,The primary objective is to compare AUR rates between the immediate removal group and the 24-hour group,0,0,0,1,1,1,1,1,1,0,0
added33,"Aneurin Moorthy 1 2 †, Aisling Ní Eochagáin 3 †, Eamon Dempsey 3, Vincent Wall 1, Hannah Marsh 3, Thomas Murphy 1, Gerard J. Fitzmaurice 4, Rory A. Naughton 3, Donal J. Buggy","Postoperative recovery with continuous erector spinae plane block or video-assisted paravertebral block after minimally invasive thoracic surgery: a prospective, randomised controlled trial",https://www.sciencedirect.com/science/article/pii/S0007091222004470,3,999,999,0,999,Primary outcome was Quality of Recovery-15 score (QoR-15) at 24 h.,Primary outcome was Quality of Recovery-15 score (QoR-15) at 24 h.,0,1,0,0,0,999,0,999,1,2,0
added4,"Loughney, Lisa PhDa,b; Bolger, Jarlath PhDb,c; Tully, Roisin MB, BCh, BAOb,c; Sorensen, Jan MScb; Bambrick, Marie MB, BChb,d; Carroll, Paul A. MDe; Arumugasamy, Mayilone MChb,c; Murphy, Thomas J. MDf; McCaffrey, Noel MDa; Robb, William B. MDb,c,*;  on Behalf of the PERIOP-OG Working Group",The effect of a pre-operative and post-operative exercise programme versus standard care on physical fitness of patients with oesophageal and gastric cancer undergoing neoadjuvant treatment prior to surgery (the PERIOP-OG trial): a randomized controlled trial,10.1097/JS9.0000000000001663,1,999,0,0,0,The primary endpoint was cardiorespiratory fitness between baseline and pre-surgery time point using the 6-minute walk test (MVT).,The primary endpoint was cardiorespiratory fitness between baseline and pre-surgery time point using the 6-minute walk test (MVT).,0,0,0,1,1,0,0,1,1,0,0
added5,"F Jasmijn Smits*, Anne Claire Henry*, Marc G Besselink, Olivier R Busch, Casper H van Eijck, Mark Arntz, Thomas L Bollen, Otto M van Delden, Daniel van den Heuvel, Christiaan van der Leij, Krijn P van Lienden, Adriaan Moelker, Bert A Bonsing, Inne H Borel Rinkes, Koop Bosscha, Ronald M van Dam, Wouter J M Derksen, Marcel den Dulk, Sebastiaan Festen, Bas Groot Koerkamp, Robbert J de Haas, Jeroen Hagendoorn, Erwin van der Harst, Ignace H de Hingh, Geert Kazemier, Marion van der Kolk, Mike Liem, Daan J Lips, Misha D Luyer, Vincent E de Meijer, J Sven Mieog, Vincent B Nieuwenhuijs, Gijs A Patijn, Wouter W te Riele, Daphne Roos, Jennifer M Schreinemakers, Martijn W J Stommel, Fennie Wit, Babs A Zonderhuis, Lois A Daamen, C Henri van Werkhoven, I Quintus Molenaar†, Hjalmar C van Santvoort†, for the Dutch Pancreatic Cancer Group","Algorithm-based care versus usual care for the early recognition and management of complications after pancreatic resection in the Netherlands: an open-label, nationwide, stepped-wedge cluster-randomised trial", 10.1016/S0140-6736(22)00182-9.,1,999,0,0,0,"The primary outcome was a composite of the most severe postoperative complications: bleeding that required invasive intervention, new-onset organ failure, and death either during admission or within 90 days after resection, and the outcome was met if any of these events occurred.","The primary outcome was a composite of the most severe postoperative complications: bleeding that required invasive intervention, new-onset organ failure, and death either during admission or within 90 days after resection, and the outcome was met if any of these events occurred.",0,1,0,1,1,0,0,1,1,2,0
added9,"Frans van Workum  1 , Moniek H P Verstegen  1 , Bastiaan R Klarenbeek  1 , Stefan A W Bouwense  1   2 , Mark I van Berge Henegouwen  3 , Freek Daams  4 , Suzanne S Gisbertz  3 , Gerjon Hannink  5 , Jan Willem Haveman  6 , Joos Heisterkamp  7 , Walther Jansen  7 , Ewout A Kouwenhoven  8 , Jan J B van Lanschot  9 , Grard A P Nieuwenhuijzen  10 , Donald L van der Peet  4 , Fatih Polat  11 , Sander Ubels  1 , Bas P L Wijnhoven  9 , Maroeska M Rovers  5 , Camiel Rosman  1 ; ICAN collaborative research group",Intrathoracic vs Cervical Anastomosis After Totally or Hybrid Minimally Invasive Esophagectomy for Esophageal Cancer: A Randomized Clinical Trial,10.1001/jamasurg.2021.1555,1,0,0,0,0,"The primary end point was anastomotic leakage requiring endoscopic, radiologic, or surgical intervention.","The primary end point was anastomotic leakage requiring endoscopic, radiologic, or surgical intervention.",1,1,0,1,1,0,0,1,1,1,0
